{
 "type": "FeatureCollection",
 "features": [
  {
   "type": "Feature",
   "geometry": {
    "type": "Polygon",
    "coordinates": [
     [
      [
       13.391576,
       53.33
      ],
      [
       13.392074,
       53.3306
      ],
      [
       13.392279,
       53.331341
      ],
      [
       13.391767,
       53.331993
      ],
      [
       13.390673,
       53.332313
      ],
      [
       13.389478,
       53.332328
      ],
      [
       13.388453,
       53.332226
      ],
      [
       13.387579,
       53.332071
      ],
      [
       13.386852,
       53.331808
      ],
      [
       13.38629,
       53.331479
      ],
      [
       13.38571,
       53.331212
      ],
      [
       13.384871,
       53.330981
      ],
      [
       13.38393,
       53.330599
      ],
      [
       13.383412,
       53.33
      ],
      [
       13.383613,
       53.329354
      ],
      [
       13.384257,
       53.328827
      ],
      [
       13.384938,
       53.32838
      ],
      [
       13.385625,
       53.327945
      ],
      [
       13.386497,
       53.327633
      ],
      [
       13.387513,
       53.327606
      ],
      [
       13.388445,
       53.32781
      ],
      [
       13.389237,
       53.328053
      ],
      [
       13.389991,
       53.328278
      ],
      [
       13.390652,
       53.328597
      ],
      [
       13.391045,
       53.329046
      ],
      [
       13.391245,
       53.329522
      ],
      [
       13.391576,
       53.33
      ]
     ]
    ]
   },
   "properties": {
    "name": "Demo 01 – Tiefer Waldsee",
    "osm_type": "way",
    "osm_id": 900000000,
    "lake_uid": "w900000000",
    "latitude": 53.33,
    "longitude": 13.388,
    "area_ha": 21.2,
    "shore_tree_cover": 98.0,
    "tree_cover_100m": 98.0,
    "tree_cover_500m": 94.0,
    "tree_cover_1000m": 90.0,
    "natural_land_percent": 94.0,
    "built_up_percent": 0.0,
    "cropland_percent": 1.0,
    "building_count_100m": 0,
    "building_count_250m": 0,
    "building_count_500m": 0,
    "building_count_1000m": 0,
    "distance_nearest_building_m": 2400.0,
    "distance_major_road_m": 2100.0,
    "distance_residential_m": 3000.0,
    "distance_campsite_m": 3000.0,
    "distance_marina_m": 3000.0,
    "has_campsite": false,
    "has_marina": false,
    "has_accommodation": false,
    "has_residential": false,
    "has_parking": false,
    "has_railway": false,
    "drive_time_min": 102.0,
    "drive_distance_km": 127.5,
    "drive_time_source": "demo",
    "air_distance_km": 98.1,
    "landcover_ref_distance_m": 1000,
    "landcover_ok": true,
    "shore_segment_p10_score": 92.0,
    "shore_segment_median_score": 98.0,
    "shore_segment_min_score": 73.0,
    "developed_shore_percent": 0.0,
    "natural_shore_percent": 100.0,
    "longest_developed_section_m": 0.0,
    "shore_segment_count": 40,
    "nodata_percent_1000m": 0.0,
    "valid_pixels_1000m": 40000,
    "building_data_ok": true,
    "osm_features_ok": true,
    "travel_ok": true,
    "shore_segments_ok": true,
    "quality_flags": [
     "landcover_stand_2021",
     "DEMO-DATEN"
    ],
    "wilderness_score": 99.4,
    "visual_seclusion_score": 98.8,
    "access_score": 47.2,
    "data_confidence_score": 95.0,
    "overall_spot_score": 88.7,
    "overall_coverage": 58.8,
    "score_base": 99.4,
    "score_penalties": 0.0,
    "score_breakdown": [
     {
      "kind": "component",
      "name": "shore_tree_cover",
      "metric": "shore_tree_cover",
      "value": 98.0,
      "unit": "%",
      "weight": 3.0,
      "sub_score": 1.0,
      "points": 20.69,
      "label": "Wald direkt am Ufer (0-100 m)"
     },
     {
      "kind": "component",
      "name": "tree_cover_500m",
      "metric": "tree_cover_500m",
      "value": 94.0,
      "unit": "%",
      "weight": 2.0,
      "sub_score": 1.0,
      "points": 13.79,
      "label": "Wald im 500-m-Ring"
     },
     {
      "kind": "component",
      "name": "tree_cover_1000m",
      "metric": "tree_cover_1000m",
      "value": 90.0,
      "unit": "%",
      "weight": 1.0,
      "sub_score": 1.0,
      "points": 6.9,
      "label": "Wald im 1000-m-Ring"
     },
     {
      "kind": "component",
      "name": "natural_land",
      "metric": "natural_land_percent",
      "value": 94.0,
      "unit": "%",
      "weight": 1.0,
      "sub_score": 0.917,
      "points": 6.32,
      "label": "Naturnahe Fläche gesamt (1000 m)"
     },
     {
      "kind": "component",
      "name": "distance_building",
      "metric": "distance_nearest_building_m",
      "value": 2400.0,
      "unit": "m",
      "weight": 2.5,
      "sub_score": 1.0,
      "points": 17.24,
      "label": "Abstand zum nächsten Gebäude"
     },
     {
      "kind": "component",
      "name": "distance_major_road",
      "metric": "distance_major_road_m",
      "value": 2100.0,
      "unit": "m",
      "weight": 1.5,
      "sub_score": 1.0,
      "points": 10.34,
      "label": "Abstand zur nächsten Hauptstraße"
     },
     {
      "kind": "component",
      "name": "distance_residential",
      "metric": "distance_residential_m",
      "value": 3000.0,
      "unit": "m",
      "weight": 1.0,
      "sub_score": 1.0,
      "points": 6.9,
      "label": "Abstand zum nächsten Wohngebiet"
     },
     {
      "kind": "component",
      "name": "low_cropland",
      "metric": "cropland_percent",
      "value": 1.0,
      "unit": "%",
      "weight": 1.0,
      "sub_score": 1.0,
      "points": 6.9,
      "label": "Wenig Ackerland (1000 m)"
     },
     {
      "kind": "component",
      "name": "low_built_up",
      "metric": "built_up_percent",
      "value": 0.0,
      "unit": "%",
      "weight": 1.5,
      "sub_score": 1.0,
      "points": 10.34,
      "label": "Wenig Siedlungsfläche (1000 m)"
     }
    ],
    "passes_filters": true,
    "filter_status": "PASS",
    "filter_reasons": [],
    "confidence": "hoch",
    "buffers": {
     "100": {
      "type": "Polygon",
      "coordinates": [
       [
        [
         13.392682,
         53.33
        ],
        [
         13.392537,
         53.330668
        ],
        [
         13.392181,
         53.33131
        ],
        [
         13.391602,
         53.331906
        ],
        [
         13.390907,
         53.332515
        ],
        [
         13.390007,
         53.333161
        ],
        [
         13.388741,
         53.333644
        ],
        [
         13.38725,
         53.333689
        ],
        [
         13.385912,
         53.333287
        ],
        [
         13.384871,
         53.332707
        ],
        [
         13.383949,
         53.332143
        ],
        [
         13.383098,
         53.331536
        ],
        [
         13.382615,
         53.330793
        ],
        [
         13.382719,
         53.33
        ],
        [
         13.383204,
         53.329294
        ],
        [
         13.383733,
         53.328662
        ],
        [
         13.384293,
         53.328038
        ],
        [
         13.385093,
         53.327485
        ],
        [
         13.386164,
         53.327109
        ],
        [
         13.387362,
         53.326861
        ],
        [
         13.388685,
         53.326632
        ],
        [
         13.390211,
         53.326519
        ],
        [
         13.391712,
         53.326788
        ],
        [
         13.392696,
         53.327516
        ],
        [
         13.392956,
         53.328446
        ],
        [
         13.392821,
         53.32929
        ],
        [
         13.392682,
         53.33
        ]
       ],
       [
        [
         13.391991,
         53.33
        ],
        [
         13.391593,
         53.329471
        ],
        [
         13.390977,
         53.329067
        ],
        [
         13.390448,
         53.328705
        ],
        [
         13.389988,
         53.32828
        ],
        [
         13.389365,
         53.327851
        ],
        [
         13.388495,
         53.327565
        ],
        [
         13.387486,
         53.327471
        ],
        [
         13.386429,
         53.327527
        ],
        [
         13.385401,
         53.327751
        ],
        [
         13.384622,
         53.328213
        ],
        [
         13.384352,
         53.328857
        ],
        [
         13.384536,
         53.32949
        ],
        [
         13.384789,
         53.33
        ],
        [
         13.384849,
         53.330464
        ],
        [
         13.384877,
         53.330979
        ],
        [
         13.385174,
         53.331495
        ],
        [
         13.385794,
         53.331908
        ],
        [
         13.386593,
         53.332216
        ],
        [
         13.3875,
         53.332458
        ],
        [
         13.388522,
         53.332565
        ],
        [
         13.389533,
         53.332415
        ],
        [
         13.390343,
         53.332027
        ],
        [
         13.390945,
         53.331558
        ],
        [
         13.391481,
         53.331091
        ],
        [
         13.391917,
         53.330577
        ],
        [
         13.391991,
         53.33
        ]
       ]
      ]
     },
     "500": {
      "type": "Polygon",
      "coordinates": [
       [
        [
         13.4014,
         53.33
        ],
        [
         13.4004,
         53.331825
        ],
        [
         13.398523,
         53.333298
        ],
        [
         13.396593,
         53.334546
        ],
        [
         13.394545,
         53.335663
        ],
        [
         13.392052,
         53.33638
        ],
        [
         13.389316,
         53.336474
        ],
        [
         13.386746,
         53.336166
        ],
        [
         13.384319,
         53.335796
        ],
        [
         13.381876,
         53.335298
        ],
        [
         13.379725,
         53.334378
        ],
        [
         13.378293,
         53.333042
        ],
        [
         13.377364,
         53.331566
        ],
        [
         13.37639,
         53.33
        ],
        [
         13.375585,
         53.328172
        ],
        [
         13.375953,
         53.326224
        ],
        [
         13.378015,
         53.324717
        ],
        [
         13.381081,
         53.324014
        ],
        [
         13.384112,
         53.323877
        ],
        [
         13.386762,
         53.323911
        ],
        [
         13.389202,
         53.324089
        ],
        [
         13.391455,
         53.324559
        ],
        [
         13.393524,
         53.325221
        ],
        [
         13.395762,
         53.325893
        ],
        [
         13.398371,
         53.326749
        ],
        [
         13.400636,
         53.32814
        ],
        [
         13.4014,
         53.33
        ]
       ],
       [
        [
         13.391623,
         53.33
        ],
        [
         13.391166,
         53.329534
        ],
        [
         13.390735,
         53.329143
        ],
        [
         13.390481,
         53.328687
        ],
        [
         13.390177,
         53.328116
        ],
        [
         13.389524,
         53.327601
        ],
        [
         13.388537,
         53.327359
        ],
        [
         13.387473,
         53.32741
        ],
        [
         13.38649,
         53.327622
        ],
        [
         13.385609,
         53.327931
        ],
        [
         13.384925,
         53.328373
        ],
        [
         13.384579,
         53.328928
        ],
        [
         13.384511,
         53.329486
        ],
        [
         13.384489,
         53.33
        ],
        [
         13.384451,
         53.330522
        ],
        [
         13.38462,
         53.331059
        ],
        [
         13.385163,
         53.331501
        ],
        [
         13.385935,
         53.331786
        ],
        [
         13.386718,
         53.332019
        ],
        [
         13.387532,
         53.332301
        ],
        [
         13.388515,
         53.332533
        ],
        [
         13.389596,
         53.332514
        ],
        [
         13.39053,
         53.332189
        ],
        [
         13.391192,
         53.331689
        ],
        [
         13.391625,
         53.331136
        ],
        [
         13.391803,
         53.33056
        ],
        [
         13.391623,
         53.33
        ]
       ]
      ]
     },
     "1000": {
      "type": "Polygon",
      "coordinates": [
       [
        [
         13.407794,
         53.33
        ],
        [
         13.408697,
         53.333047
        ],
        [
         13.407422,
         53.336087
        ],
        [
         13.403664,
         53.338288
        ],
        [
         13.398818,
         53.33936
        ],
        [
         13.394222,
         53.339798
        ],
        [
         13.390032,
         53.339995
        ],
        [
         13.386013,
         53.339772
        ],
        [
         13.382281,
         53.339006
        ],
        [
         13.378677,
         53.338066
        ],
        [
         13.374485,
         53.337151
        ],
        [
         13.369737,
         53.335724
        ],
        [
         13.366119,
         53.333221
        ],
        [
         13.365458,
         53.33
        ],
        [
         13.36762,
         53.327
        ],
        [
         13.37088,
         53.324634
        ],
        [
         13.374128,
         53.322661
        ],
        [
         13.377632,
         53.321029
        ],
        [
         13.381715,
         53.320103
        ],
        [
         13.385952,
         53.319928
        ],
        [
         13.390034,
         53.319996
        ],
        [
         13.394305,
         53.320072
        ],
        [
         13.398772,
         53.32068
        ],
        [
         13.402494,
         53.322332
        ],
        [
         13.404781,
         53.32474
        ],
        [
         13.406269,
         53.327311
        ],
        [
         13.407794,
         53.33
        ]
       ],
       [
        [
         13.391368,
         53.33
        ],
        [
         13.391185,
         53.329531
        ],
        [
         13.391015,
         53.329055
        ],
        [
         13.39067,
         53.328588
        ],
        [
         13.39012,
         53.328166
        ],
        [
         13.389422,
         53.327761
        ],
        [
         13.388531,
         53.327386
        ],
        [
         13.387433,
         53.32721
        ],
        [
         13.386354,
         53.327407
        ],
        [
         13.385601,
         53.327924
        ],
        [
         13.385196,
         53.328516
        ],
        [
         13.384889,
         53.329025
        ],
        [
         13.384563,
         53.329494
        ],
        [
         13.384385,
         53.33
        ],
        [
         13.384502,
         53.330515
        ],
        [
         13.384818,
         53.330997
        ],
        [
         13.385204,
         53.33148
        ],
        [
         13.385732,
         53.331963
        ],
        [
         13.386525,
         53.332323
        ],
        [
         13.387503,
         53.332447
        ],
        [
         13.388486,
         53.33239
        ],
        [
         13.389449,
         53.332282
        ],
        [
         13.390437,
         53.332109
        ],
        [
         13.391288,
         53.331739
        ],
        [
         13.3917,
         53.33116
        ],
        [
         13.391627,
         53.330534
        ],
        [
         13.391368,
         53.33
        ]
       ]
      ]
     }
    }
   }
  },
  {
   "type": "Feature",
   "geometry": {
    "type": "Polygon",
    "coordinates": [
     [
      [
       13.468877,
       53.379897
      ],
      [
       13.468819,
       53.380344
      ],
      [
       13.468393,
       53.380715
      ],
      [
       13.467849,
       53.380991
      ],
      [
       13.46735,
       53.381255
      ],
      [
       13.466802,
       53.381507
      ],
      [
       13.466125,
       53.381601
      ],
      [
       13.465463,
       53.381444
      ],
      [
       13.464977,
       53.381157
      ],
      [
       13.464584,
       53.380929
      ],
      [
       13.464104,
       53.380781
      ],
      [
       13.463562,
       53.380591
      ],
      [
       13.463135,
       53.380285
      ],
      [
       13.462883,
       53.379897
      ],
      [
       13.462743,
       53.37945
      ],
      [
       13.462788,
       53.37896
      ],
      [
       13.463213,
       53.378541
      ],
      [
       13.464009,
       53.378368
      ],
      [
       13.464865,
       53.37846
      ],
      [
       13.465518,
       53.378619
      ],
      [
       13.466029,
       53.378663
      ],
      [
       13.466581,
       53.378634
      ],
      [
       13.467172,
       53.378692
      ],
      [
       13.467687,
       53.378888
      ],
      [
       13.468134,
       53.379159
      ],
      [
       13.468571,
       53.379486
      ],
      [
       13.468877,
       53.379897
      ]
     ]
    ]
   },
   "properties": {
    "name": "Demo 02 – Schwarzer Moorsee",
    "osm_type": "way",
    "osm_id": 900000001,
    "lake_uid": "w900000001",
    "latitude": 53.379897,
    "longitude": 13.465778,
    "area_ha": 10.2,
    "shore_tree_cover": 96.0,
    "tree_cover_100m": 96.0,
    "tree_cover_500m": 91.0,
    "tree_cover_1000m": 84.0,
    "natural_land_percent": 88.0,
    "built_up_percent": 0.0,
    "cropland_percent": 3.0,
    "building_count_100m": 0,
    "building_count_250m": 0,
    "building_count_500m": 0,
    "building_count_1000m": 1,
    "distance_nearest_building_m": 1750.0,
    "distance_major_road_m": 1400.0,
    "distance_residential_m": 3000.0,
    "distance_campsite_m": 3000.0,
    "distance_marina_m": 3000.0,
    "has_campsite": false,
    "has_marina": false,
    "has_accommodation": false,
    "has_residential": false,
    "has_parking": false,
    "has_railway": false,
    "drive_time_min": 95.0,
    "drive_distance_km": 118.8,
    "drive_time_source": "demo",
    "air_distance_km": 91.3,
    "landcover_ref_distance_m": 1000,
    "landcover_ok": true,
    "shore_segment_p10_score": 90.0,
    "shore_segment_median_score": 96.0,
    "shore_segment_min_score": 71.0,
    "developed_shore_percent": 0.0,
    "natural_shore_percent": 100.0,
    "longest_developed_section_m": 0.0,
    "shore_segment_count": 40,
    "nodata_percent_1000m": 0.0,
    "valid_pixels_1000m": 40000,
    "building_data_ok": true,
    "osm_features_ok": true,
    "travel_ok": true,
    "shore_segments_ok": true,
    "quality_flags": [
     "landcover_stand_2021",
     "DEMO-DATEN"
    ],
    "wilderness_score": 94.8,
    "visual_seclusion_score": 98.5,
    "access_score": 49.6,
    "data_confidence_score": 95.0,
    "overall_spot_score": 87.2,
    "overall_coverage": 58.8,
    "score_base": 94.8,
    "score_penalties": 0.0,
    "score_breakdown": [
     {
      "kind": "component",
      "name": "shore_tree_cover",
      "metric": "shore_tree_cover",
      "value": 96.0,
      "unit": "%",
      "weight": 3.0,
      "sub_score": 1.0,
      "points": 20.69,
      "label": "Wald direkt am Ufer (0-100 m)"
     },
     {
      "kind": "component",
      "name": "tree_cover_500m",
      "metric": "tree_cover_500m",
      "value": 91.0,
      "unit": "%",
      "weight": 2.0,
      "sub_score": 1.0,
      "points": 13.79,
      "label": "Wald im 500-m-Ring"
     },
     {
      "kind": "component",
      "name": "tree_cover_1000m",
      "metric": "tree_cover_1000m",
      "value": 84.0,
      "unit": "%",
      "weight": 1.0,
      "sub_score": 0.983,
      "points": 6.78,
      "label": "Wald im 1000-m-Ring"
     },
     {
      "kind": "component",
      "name": "natural_land",
      "metric": "natural_land_percent",
      "value": 88.0,
      "unit": "%",
      "weight": 1.0,
      "sub_score": 0.792,
      "points": 5.46,
      "label": "Naturnahe Fläche gesamt (1000 m)"
     },
     {
      "kind": "component",
      "name": "distance_building",
      "metric": "distance_nearest_building_m",
      "value": 1750.0,
      "unit": "m",
      "weight": 2.5,
      "sub_score": 1.0,
      "points": 17.24,
      "label": "Abstand zum nächsten Gebäude"
     },
     {
      "kind": "component",
      "name": "distance_major_road",
      "metric": "distance_major_road_m",
      "value": 1400.0,
      "unit": "m",
      "weight": 1.5,
      "sub_score": 0.667,
      "points": 6.9,
      "label": "Abstand zur nächsten Hauptstraße"
     },
     {
      "kind": "component",
      "name": "distance_residential",
      "metric": "distance_residential_m",
      "value": 3000.0,
      "unit": "m",
      "weight": 1.0,
      "sub_score": 1.0,
      "points": 6.9,
      "label": "Abstand zum nächsten Wohngebiet"
     },
     {
      "kind": "component",
      "name": "low_cropland",
      "metric": "cropland_percent",
      "value": 3.0,
      "unit": "%",
      "weight": 1.0,
      "sub_score": 0.974,
      "points": 6.72,
      "label": "Wenig Ackerland (1000 m)"
     },
     {
      "kind": "component",
      "name": "low_built_up",
      "metric": "built_up_percent",
      "value": 0.0,
      "unit": "%",
      "weight": 1.5,
      "sub_score": 1.0,
      "points": 10.34,
      "label": "Wenig Siedlungsfläche (1000 m)"
     }
    ],
    "passes_filters": true,
    "filter_status": "PASS",
    "filter_reasons": [],
    "confidence": "hoch",
    "buffers": {
     "100": {
      "type": "Polygon",
      "coordinates": [
       [
        [
         13.469983,
         53.379897
        ],
        [
         13.470269,
         53.380557
        ],
        [
         13.470137,
         53.381261
        ],
        [
         13.469422,
         53.381822
        ],
        [
         13.468364,
         53.382131
        ],
        [
         13.467278,
         53.382255
        ],
        [
         13.466261,
         53.38227
        ],
        [
         13.46532,
         53.382148
        ],
        [
         13.464517,
         53.38188
        ],
        [
         13.463828,
         53.381582
        ],
        [
         13.463042,
         53.381343
        ],
        [
         13.462058,
         53.381061
        ],
        [
         13.461175,
         53.380573
        ],
        [
         13.460841,
         53.379897
        ],
        [
         13.461146,
         53.379216
        ],
        [
         13.461786,
         53.378647
        ],
        [
         13.462508,
         53.378168
        ],
        [
         13.463332,
         53.377783
        ],
        [
         13.464305,
         53.37758
        ],
        [
         13.465307,
         53.377581
        ],
        [
         13.466233,
         53.377663
        ],
        [
         13.46715,
         53.377739
        ],
        [
         13.468092,
         53.377897
        ],
        [
         13.468881,
         53.378257
        ],
        [
         13.469354,
         53.378777
        ],
        [
         13.469646,
         53.379328
        ],
        [
         13.469983,
         53.379897
        ]
       ],
       [
        [
         13.468487,
         53.379897
        ],
        [
         13.468359,
         53.379517
        ],
        [
         13.468223,
         53.379131
        ],
        [
         13.467995,
         53.378725
        ],
        [
         13.467526,
         53.378386
        ],
        [
         13.466845,
         53.378219
        ],
        [
         13.46612,
         53.378218
        ],
        [
         13.465453,
         53.378301
        ],
        [
         13.464855,
         53.378445
        ],
        [
         13.464373,
         53.378682
        ],
        [
         13.464061,
         53.378989
        ],
        [
         13.463825,
         53.379285
        ],
        [
         13.463484,
         53.379559
        ],
        [
         13.463047,
         53.379897
        ],
        [
         13.462786,
         53.380337
        ],
        [
         13.462939,
         53.380786
        ],
        [
         13.463452,
         53.381126
        ],
        [
         13.464105,
         53.381343
        ],
        [
         13.464774,
         53.381476
        ],
        [
         13.46545,
         53.38151
        ],
        [
         13.466086,
         53.381408
        ],
        [
         13.46662,
         53.38122
        ],
        [
         13.467103,
         53.381042
        ],
        [
         13.467637,
         53.380879
        ],
        [
         13.468161,
         53.380643
        ],
        [
         13.46847,
         53.380292
        ],
        [
         13.468487,
         53.379897
        ]
       ]
      ]
     },
     "500": {
      "type": "Polygon",
      "coordinates": [
       [
        [
         13.475295,
         53.379897
        ],
        [
         13.47516,
         53.381276
        ],
        [
         13.474447,
         53.38261
        ],
        [
         13.4729,
         53.38366
        ],
        [
         13.470956,
         53.384371
        ],
        [
         13.469069,
         53.385073
        ],
        [
         13.467016,
         53.385977
        ],
        [
         13.464392,
         53.386706
        ],
        [
         13.461479,
         53.386659
        ],
        [
         13.459037,
         53.385722
        ],
        [
         13.457421,
         53.384313
        ],
        [
         13.456456,
         53.382815
        ],
        [
         13.456098,
         53.38132
        ],
        [
         13.456534,
         53.379897
        ],
        [
         13.457545,
         53.378686
        ],
        [
         13.458456,
         53.377604
        ],
        [
         13.459029,
         53.37633
        ],
        [
         13.459908,
         53.374823
        ],
        [
         13.461763,
         53.373581
        ],
        [
         13.464397,
         53.373109
        ],
        [
         13.467113,
         53.373341
        ],
        [
         13.469611,
         53.373869
        ],
        [
         13.471951,
         53.374563
        ],
        [
         13.4739,
         53.375604
        ],
        [
         13.475005,
         53.377008
        ],
        [
         13.475298,
         53.378497
        ],
        [
         13.475295,
         53.379897
        ]
       ],
       [
        [
         13.468547,
         53.379897
        ],
        [
         13.468472,
         53.379501
        ],
        [
         13.46819,
         53.379142
        ],
        [
         13.467851,
         53.378801
        ],
        [
         13.467429,
         53.37847
        ],
        [
         13.46684,
         53.378226
        ],
        [
         13.466133,
         53.378154
        ],
        [
         13.465438,
         53.378226
        ],
        [
         13.464803,
         53.378363
        ],
        [
         13.464228,
         53.378557
        ],
        [
         13.463802,
         53.378852
        ],
        [
         13.463629,
         53.379224
        ],
        [
         13.463618,
         53.379579
        ],
        [
         13.463541,
         53.379897
        ],
        [
         13.463339,
         53.380255
        ],
        [
         13.463234,
         53.380693
        ],
        [
         13.463458,
         53.381123
        ],
        [
         13.464,
         53.381433
        ],
        [
         13.46469,
         53.381609
        ],
        [
         13.465416,
         53.381674
        ],
        [
         13.466126,
         53.381605
        ],
        [
         13.466718,
         53.381375
        ],
        [
         13.467126,
         53.381061
        ],
        [
         13.467451,
         53.380781
        ],
        [
         13.467856,
         53.380547
        ],
        [
         13.468299,
         53.380267
        ],
        [
         13.468547,
         53.379897
        ]
       ]
      ]
     },
     "1000": {
      "type": "Polygon",
      "coordinates": [
       [
        [
         13.485484,
         53.379897
        ],
        [
         13.483107,
         53.382444
        ],
        [
         13.479987,
         53.384345
        ],
        [
         13.477207,
         53.385936
        ],
        [
         13.47449,
         53.387426
        ],
        [
         13.471308,
         53.388594
        ],
        [
         13.467708,
         53.389378
        ],
        [
         13.463707,
         53.390074
        ],
        [
         13.458959,
         53.390622
        ],
        [
         13.453797,
         53.390251
        ],
        [
         13.449754,
         53.388365
        ],
        [
         13.448113,
         53.385427
        ],
        [
         13.448371,
         53.382456
        ],
        [
         13.449057,
         53.379897
        ],
        [
         13.44972,
         53.377536
        ],
        [
         13.451112,
         53.375305
        ],
        [
         13.453625,
         53.373474
        ],
        [
         13.456696,
         53.372047
        ],
        [
         13.459921,
         53.370685
        ],
        [
         13.463648,
         53.369433
        ],
        [
         13.468007,
         53.368947
        ],
        [
         13.472308,
         53.369627
        ],
        [
         13.476023,
         53.371043
        ],
        [
         13.479536,
         53.372626
        ],
        [
         13.483068,
         53.374484
        ],
        [
         13.485523,
         53.376994
        ],
        [
         13.485484,
         53.379897
        ]
       ],
       [
        [
         13.469065,
         53.379897
        ],
        [
         13.468901,
         53.379438
        ],
        [
         13.468356,
         53.37909
        ],
        [
         13.467719,
         53.378871
        ],
        [
         13.467156,
         53.378706
        ],
        [
         13.466624,
         53.378567
        ],
        [
         13.466064,
         53.378495
        ],
        [
         13.465493,
         53.378496
        ],
        [
         13.464901,
         53.378517
        ],
        [
         13.464232,
         53.37856
        ],
        [
         13.46355,
         53.378719
        ],
        [
         13.463072,
         53.37905
        ],
        [
         13.462928,
         53.379478
        ],
        [
         13.462994,
         53.379897
        ],
        [
         13.463094,
         53.380291
        ],
        [
         13.463254,
         53.380687
        ],
        [
         13.463628,
         53.381033
        ],
        [
         13.464225,
         53.381239
        ],
        [
         13.464882,
         53.381307
        ],
        [
         13.465487,
         53.381327
        ],
        [
         13.466072,
         53.381337
        ],
        [
         13.466659,
         53.381282
        ],
        [
         13.467199,
         53.381124
        ],
        [
         13.467692,
         53.380908
        ],
        [
         13.468225,
         53.380662
        ],
        [
         13.468766,
         53.380336
        ],
        [
         13.469065,
         53.379897
        ]
       ]
      ]
     }
    }
   }
  },
  {
   "type": "Feature",
   "geometry": {
    "type": "Polygon",
    "coordinates": [
     [
      [
       13.476828,
       53.466821
      ],
      [
       13.47681,
       53.467148
      ],
      [
       13.476737,
       53.467495
      ],
      [
       13.47645,
       53.467808
      ],
      [
       13.475896,
       53.467958
      ],
      [
       13.475268,
       53.467906
      ],
      [
       13.474774,
       53.467785
      ],
      [
       13.474389,
       53.467744
      ],
      [
       13.473971,
       53.467772
      ],
      [
       13.473494,
       53.467755
      ],
      [
       13.473028,
       53.467637
      ],
      [
       13.472585,
       53.467443
      ],
      [
       13.472162,
       53.467175
      ],
      [
       13.471911,
       53.466821
      ],
      [
       13.472041,
       53.466448
      ],
      [
       13.472532,
       53.466182
      ],
      [
       13.473107,
       53.466045
      ],
      [
       13.473551,
       53.465935
      ],
      [
       13.473917,
       53.465784
      ],
      [
       13.474341,
       53.465663
      ],
      [
       13.474812,
       53.465667
      ],
      [
       13.475248,
       53.465767
      ],
      [
       13.475671,
       53.465877
      ],
      [
       13.476136,
       53.465998
      ],
      [
       13.476559,
       53.466201
      ],
      [
       13.476789,
       53.466496
      ],
      [
       13.476828,
       53.466821
      ]
     ]
    ]
   },
   "properties": {
    "name": "Demo 03 – Kesselsee Nord",
    "osm_type": "way",
    "osm_id": 900000002,
    "lake_uid": "w900000002",
    "latitude": 53.466821,
    "longitude": 13.474577,
    "area_ha": 6.2,
    "shore_tree_cover": 94.0,
    "tree_cover_100m": 94.0,
    "tree_cover_500m": 88.0,
    "tree_cover_1000m": 79.0,
    "natural_land_percent": 83.0,
    "built_up_percent": 0.0,
    "cropland_percent": 6.0,
    "building_count_100m": 0,
    "building_count_250m": 0,
    "building_count_500m": 0,
    "building_count_1000m": 2,
    "distance_nearest_building_m": 1320.0,
    "distance_major_road_m": 980.0,
    "distance_residential_m": 2600.0,
    "distance_campsite_m": 3000.0,
    "distance_marina_m": 3000.0,
    "has_campsite": false,
    "has_marina": false,
    "has_accommodation": false,
    "has_residential": false,
    "has_parking": false,
    "has_railway": false,
    "drive_time_min": 118.0,
    "drive_distance_km": 147.5,
    "drive_time_source": "demo",
    "air_distance_km": 113.5,
    "landcover_ref_distance_m": 1000,
    "landcover_ok": true,
    "shore_segment_p10_score": 88.0,
    "shore_segment_median_score": 94.0,
    "shore_segment_min_score": 69.0,
    "developed_shore_percent": 0.0,
    "natural_shore_percent": 100.0,
    "longest_developed_section_m": 0.0,
    "shore_segment_count": 40,
    "nodata_percent_1000m": 0.0,
    "valid_pixels_1000m": 40000,
    "building_data_ok": true,
    "osm_features_ok": true,
    "travel_ok": true,
    "shore_segments_ok": true,
    "quality_flags": [
     "landcover_stand_2021",
     "DEMO-DATEN"
    ],
    "wilderness_score": 86.5,
    "visual_seclusion_score": 95.1,
    "access_score": 41.9,
    "data_confidence_score": 95.0,
    "overall_spot_score": 81.0,
    "overall_coverage": 58.8,
    "score_base": 86.5,
    "score_penalties": 0.0,
    "score_breakdown": [
     {
      "kind": "component",
      "name": "shore_tree_cover",
      "metric": "shore_tree_cover",
      "value": 94.0,
      "unit": "%",
      "weight": 3.0,
      "sub_score": 0.982,
      "points": 20.32,
      "label": "Wald direkt am Ufer (0-100 m)"
     },
     {
      "kind": "component",
      "name": "tree_cover_500m",
      "metric": "tree_cover_500m",
      "value": 88.0,
      "unit": "%",
      "weight": 2.0,
      "sub_score": 0.967,
      "points": 13.34,
      "label": "Wald im 500-m-Ring"
     },
     {
      "kind": "component",
      "name": "tree_cover_1000m",
      "metric": "tree_cover_1000m",
      "value": 79.0,
      "unit": "%",
      "weight": 1.0,
      "sub_score": 0.9,
      "points": 6.21,
      "label": "Wald im 1000-m-Ring"
     },
     {
      "kind": "component",
      "name": "natural_land",
      "metric": "natural_land_percent",
      "value": 83.0,
      "unit": "%",
      "weight": 1.0,
      "sub_score": 0.688,
      "points": 4.74,
      "label": "Naturnahe Fläche gesamt (1000 m)"
     },
     {
      "kind": "component",
      "name": "distance_building",
      "metric": "distance_nearest_building_m",
      "value": 1320.0,
      "unit": "m",
      "weight": 2.5,
      "sub_score": 0.871,
      "points": 15.02,
      "label": "Abstand zum nächsten Gebäude"
     },
     {
      "kind": "component",
      "name": "distance_major_road",
      "metric": "distance_major_road_m",
      "value": 980.0,
      "unit": "m",
      "weight": 1.5,
      "sub_score": 0.433,
      "points": 4.48,
      "label": "Abstand zur nächsten Hauptstraße"
     },
     {
      "kind": "component",
      "name": "distance_residential",
      "metric": "distance_residential_m",
      "value": 2600.0,
      "unit": "m",
      "weight": 1.0,
      "sub_score": 0.852,
      "points": 5.88,
      "label": "Abstand zum nächsten Wohngebiet"
     },
     {
      "kind": "component",
      "name": "low_cropland",
      "metric": "cropland_percent",
      "value": 6.0,
      "unit": "%",
      "weight": 1.0,
      "sub_score": 0.895,
      "points": 6.17,
      "label": "Wenig Ackerland (1000 m)"
     },
     {
      "kind": "component",
      "name": "low_built_up",
      "metric": "built_up_percent",
      "value": 0.0,
      "unit": "%",
      "weight": 1.5,
      "sub_score": 1.0,
      "points": 10.34,
      "label": "Wenig Siedlungsfläche (1000 m)"
     }
    ],
    "passes_filters": true,
    "filter_status": "PASS",
    "filter_reasons": [],
    "confidence": "hoch",
    "buffers": {
     "100": {
      "type": "Polygon",
      "coordinates": [
       [
        [
         13.478273,
         53.466821
        ],
        [
         13.478387,
         53.467379
        ],
        [
         13.47812,
         53.467927
        ],
        [
         13.477616,
         53.468423
        ],
        [
         13.476908,
         53.46883
        ],
        [
         13.475993,
         53.469042
        ],
        [
         13.475021,
         53.468995
        ],
        [
         13.474174,
         53.468797
        ],
        [
         13.473432,
         53.468617
        ],
        [
         13.472668,
         53.468467
        ],
        [
         13.471938,
         53.468213
        ],
        [
         13.471466,
         53.467793
        ],
        [
         13.471305,
         53.467301
        ],
        [
         13.47125,
         53.466821
        ],
        [
         13.471164,
         53.46632
        ],
        [
         13.471205,
         53.465767
        ],
        [
         13.47159,
         53.465245
        ],
        [
         13.472302,
         53.464858
        ],
        [
         13.473168,
         53.464608
        ],
        [
         13.474098,
         53.464469
        ],
        [
         13.475049,
         53.464509
        ],
        [
         13.475862,
         53.464804
        ],
        [
         13.47638,
         53.465265
        ],
        [
         13.476715,
         53.465693
        ],
        [
         13.477156,
         53.466015
        ],
        [
         13.477769,
         53.466352
        ],
        [
         13.478273,
         53.466821
        ]
       ],
       [
        [
         13.476642,
         53.466821
        ],
        [
         13.476688,
         53.466511
        ],
        [
         13.476635,
         53.466178
        ],
        [
         13.47641,
         53.465854
        ],
        [
         13.47596,
         53.465628
        ],
        [
         13.475379,
         53.465562
        ],
        [
         13.474825,
         53.465603
        ],
        [
         13.474338,
         53.465649
        ],
        [
         13.473856,
         53.465689
        ],
        [
         13.473395,
         53.465801
        ],
        [
         13.47306,
         53.46602
        ],
        [
         13.472877,
         53.466289
        ],
        [
         13.472744,
         53.466552
        ],
        [
         13.472599,
         53.466821
        ],
        [
         13.47253,
         53.467121
        ],
        [
         13.472641,
         53.467425
        ],
        [
         13.472913,
         53.467698
        ],
        [
         13.473271,
         53.467947
        ],
        [
         13.473721,
         53.468165
        ],
        [
         13.474281,
         53.468272
        ],
        [
         13.474855,
         53.468184
        ],
        [
         13.475292,
         53.467943
        ],
        [
         13.475581,
         53.467686
        ],
        [
         13.475854,
         53.467494
        ],
        [
         13.476182,
         53.467322
        ],
        [
         13.476476,
         53.467099
        ],
        [
         13.476642,
         53.466821
        ]
       ]
      ]
     },
     "500": {
      "type": "Polygon",
      "coordinates": [
       [
        [
         13.484097,
         53.466821
        ],
        [
         13.483197,
         53.468085
        ],
        [
         13.481925,
         53.469116
        ],
        [
         13.480878,
         53.470144
        ],
        [
         13.479814,
         53.471337
        ],
        [
         13.47816,
         53.472444
        ],
        [
         13.475855,
         53.473086
        ],
        [
         13.473276,
         53.473201
        ],
        [
         13.470685,
         53.47293
        ],
        [
         13.4683,
         53.472234
        ],
        [
         13.46666,
         53.470996
        ],
        [
         13.466231,
         53.469428
        ],
        [
         13.466646,
         53.467984
        ],
        [
         13.46693,
         53.466821
        ],
        [
         13.466682,
         53.465662
        ],
        [
         13.466536,
         53.464308
        ],
        [
         13.46726,
         53.462962
        ],
        [
         13.46887,
         53.461899
        ],
        [
         13.470944,
         53.461118
        ],
        [
         13.4733,
         53.460561
        ],
        [
         13.47588,
         53.460431
        ],
        [
         13.478309,
         53.460963
        ],
        [
         13.480167,
         53.462
        ],
        [
         13.481569,
         53.463133
        ],
        [
         13.482887,
         53.464224
        ],
        [
         13.483945,
         53.465446
        ],
        [
         13.484097,
         53.466821
        ]
       ],
       [
        [
         13.476969,
         53.466821
        ],
        [
         13.476727,
         53.466505
        ],
        [
         13.476293,
         53.466284
        ],
        [
         13.475874,
         53.466137
        ],
        [
         13.475561,
         53.465972
        ],
        [
         13.475251,
         53.465762
        ],
        [
         13.474827,
         53.465594
        ],
        [
         13.474318,
         53.465552
        ],
        [
         13.473812,
         53.46562
        ],
        [
         13.473326,
         53.465742
        ],
        [
         13.472862,
         53.465916
        ],
        [
         13.472513,
         53.466176
        ],
        [
         13.472378,
         53.466498
        ],
        [
         13.472421,
         53.466821
        ],
        [
         13.472524,
         53.467122
        ],
        [
         13.472675,
         53.467415
        ],
        [
         13.472973,
         53.467667
        ],
        [
         13.473434,
         53.467807
        ],
        [
         13.473931,
         53.467835
        ],
        [
         13.474367,
         53.467851
        ],
        [
         13.474801,
         53.467919
        ],
        [
         13.475317,
         53.467982
        ],
        [
         13.475869,
         53.467935
        ],
        [
         13.476345,
         53.467753
        ],
        [
         13.476701,
         53.467484
        ],
        [
         13.476934,
         53.467166
        ],
        [
         13.476969,
         53.466821
        ]
       ]
      ]
     },
     "1000": {
      "type": "Polygon",
      "coordinates": [
       [
        [
         13.489619,
         53.466821
        ],
        [
         13.491048,
         53.469237
        ],
        [
         13.490768,
         53.471879
        ],
        [
         13.488738,
         53.474289
        ],
        [
         13.4856,
         53.476327
        ],
        [
         13.481595,
         53.477836
        ],
        [
         13.476918,
         53.478296
        ],
        [
         13.472419,
         53.477403
        ],
        [
         13.468902,
         53.475728
        ],
        [
         13.466044,
         53.47418
        ],
        [
         13.463011,
         53.47292
        ],
        [
         13.460026,
         53.471367
        ],
        [
         13.458275,
         53.469212
        ],
        [
         13.458199,
         53.466821
        ],
        [
         13.458923,
         53.464524
        ],
        [
         13.459727,
         53.462181
        ],
        [
         13.461136,
         53.459732
        ],
        [
         13.463939,
         53.457646
        ],
        [
         13.467931,
         53.456389
        ],
        [
         13.472339,
         53.455847
        ],
        [
         13.476833,
         53.455761
        ],
        [
         13.481225,
         53.456386
        ],
        [
         13.484676,
         53.458111
        ],
        [
         13.486376,
         53.460598
        ],
        [
         13.486911,
         53.462967
        ],
        [
         13.487827,
         53.464876
        ],
        [
         13.489619,
         53.466821
        ]
       ],
       [
        [
         13.476782,
         53.466821
        ],
        [
         13.476577,
         53.466527
        ],
        [
         13.476355,
         53.466265
        ],
        [
         13.476118,
         53.466008
        ],
        [
         13.475764,
         53.465797
        ],
        [
         13.475288,
         53.465705
        ],
        [
         13.474802,
         53.465719
        ],
        [
         13.474357,
         53.465743
        ],
        [
         13.473883,
         53.46573
        ],
        [
         13.473339,
         53.465753
        ],
        [
         13.472827,
         53.465898
        ],
        [
         13.472465,
         53.46616
        ],
        [
         13.472262,
         53.466481
        ],
        [
         13.472198,
         53.466821
        ],
        [
         13.472329,
         53.46715
        ],
        [
         13.472696,
         53.467408
        ],
        [
         13.47319,
         53.467552
        ],
        [
         13.473626,
         53.467641
        ],
        [
         13.473969,
         53.467775
        ],
        [
         13.474345,
         53.46796
        ],
        [
         13.474835,
         53.468085
        ],
        [
         13.475371,
         53.468066
        ],
        [
         13.475858,
         53.467925
        ],
        [
         13.476289,
         53.467723
        ],
        [
         13.476648,
         53.467467
        ],
        [
         13.476834,
         53.467152
        ],
        [
         13.476782,
         53.466821
        ]
       ]
      ]
     }
    }
   }
  },
  {
   "type": "Feature",
   "geometry": {
    "type": "Polygon",
    "coordinates": [
     [
      [
       13.332057,
       53.412869
      ],
      [
       13.332011,
       53.413126
      ],
      [
       13.331905,
       53.413382
      ],
      [
       13.331683,
       53.413619
      ],
      [
       13.331306,
       53.41377
      ],
      [
       13.330862,
       53.413811
      ],
      [
       13.330454,
       53.413807
      ],
      [
       13.330071,
       53.413812
      ],
      [
       13.329682,
       53.413782
      ],
      [
       13.329362,
       53.413647
      ],
      [
       13.329195,
       53.413433
      ],
      [
       13.329104,
       53.413231
      ],
      [
       13.328923,
       53.413066
      ],
      [
       13.328645,
       53.412869
      ],
      [
       13.328461,
       53.412604
      ],
      [
       13.328521,
       53.412324
      ],
      [
       13.328785,
       53.412088
      ],
      [
       13.32915,
       53.411908
      ],
      [
       13.329583,
       53.4118
      ],
      [
       13.33005,
       53.411822
      ],
      [
       13.330443,
       53.411983
      ],
      [
       13.330703,
       53.412177
      ],
      [
       13.330935,
       53.412289
      ],
      [
       13.331278,
       53.412333
      ],
      [
       13.331689,
       53.412423
      ],
      [
       13.331977,
       53.412617
      ],
      [
       13.332057,
       53.412869
      ]
     ]
    ]
   },
   "properties": {
    "name": "Demo 04 – Stiller Pfuhl",
    "osm_type": "way",
    "osm_id": 900000003,
    "lake_uid": "w900000003",
    "latitude": 53.412869,
    "longitude": 13.330263,
    "area_ha": 3.8,
    "shore_tree_cover": 92.0,
    "tree_cover_100m": 92.0,
    "tree_cover_500m": 86.0,
    "tree_cover_1000m": 72.0,
    "natural_land_percent": 76.0,
    "built_up_percent": 0.05,
    "cropland_percent": 9.0,
    "building_count_100m": 0,
    "building_count_250m": 0,
    "building_count_500m": 1,
    "building_count_1000m": 4,
    "distance_nearest_building_m": 760.0,
    "distance_major_road_m": 850.0,
    "distance_residential_m": 2100.0,
    "distance_campsite_m": 3000.0,
    "distance_marina_m": 3000.0,
    "has_campsite": false,
    "has_marina": false,
    "has_accommodation": false,
    "has_residential": false,
    "has_parking": false,
    "has_railway": false,
    "drive_time_min": 88.0,
    "drive_distance_km": 110.0,
    "drive_time_source": "demo",
    "air_distance_km": 84.6,
    "landcover_ref_distance_m": 1000,
    "landcover_ok": true,
    "shore_segment_p10_score": 86.0,
    "shore_segment_median_score": 92.0,
    "shore_segment_min_score": 64.0,
    "developed_shore_percent": 2.0,
    "natural_shore_percent": 97.0,
    "longest_developed_section_m": 25.0,
    "shore_segment_count": 40,
    "nodata_percent_1000m": 0.0,
    "valid_pixels_1000m": 40000,
    "building_data_ok": true,
    "osm_features_ok": true,
    "travel_ok": true,
    "shore_segments_ok": true,
    "quality_flags": [
     "landcover_stand_2021",
     "DEMO-DATEN"
    ],
    "wilderness_score": 70.9,
    "visual_seclusion_score": 83.0,
    "access_score": 51.9,
    "data_confidence_score": 95.0,
    "overall_spot_score": 71.9,
    "overall_coverage": 58.8,
    "score_base": 73.9,
    "score_penalties": 3.0,
    "score_breakdown": [
     {
      "kind": "component",
      "name": "shore_tree_cover",
      "metric": "shore_tree_cover",
      "value": 92.0,
      "unit": "%",
      "weight": 3.0,
      "sub_score": 0.945,
      "points": 19.55,
      "label": "Wald direkt am Ufer (0-100 m)"
     },
     {
      "kind": "component",
      "name": "tree_cover_500m",
      "metric": "tree_cover_500m",
      "value": 86.0,
      "unit": "%",
      "weight": 2.0,
      "sub_score": 0.933,
      "points": 12.87,
      "label": "Wald im 500-m-Ring"
     },
     {
      "kind": "component",
      "name": "tree_cover_1000m",
      "metric": "tree_cover_1000m",
      "value": 72.0,
      "unit": "%",
      "weight": 1.0,
      "sub_score": 0.783,
      "points": 5.4,
      "label": "Wald im 1000-m-Ring"
     },
     {
      "kind": "component",
      "name": "natural_land",
      "metric": "natural_land_percent",
      "value": 76.0,
      "unit": "%",
      "weight": 1.0,
      "sub_score": 0.542,
      "points": 3.74,
      "label": "Naturnahe Fläche gesamt (1000 m)"
     },
     {
      "kind": "component",
      "name": "distance_building",
      "metric": "distance_nearest_building_m",
      "value": 760.0,
      "unit": "m",
      "weight": 2.5,
      "sub_score": 0.471,
      "points": 8.12,
      "label": "Abstand zum nächsten Gebäude"
     },
     {
      "kind": "component",
      "name": "distance_major_road",
      "metric": "distance_major_road_m",
      "value": 850.0,
      "unit": "m",
      "weight": 1.5,
      "sub_score": 0.361,
      "points": 3.73,
      "label": "Abstand zur nächsten Hauptstraße"
     },
     {
      "kind": "component",
      "name": "distance_residential",
      "metric": "distance_residential_m",
      "value": 2100.0,
      "unit": "m",
      "weight": 1.0,
      "sub_score": 0.667,
      "points": 4.6,
      "label": "Abstand zum nächsten Wohngebiet"
     },
     {
      "kind": "component",
      "name": "low_cropland",
      "metric": "cropland_percent",
      "value": 9.0,
      "unit": "%",
      "weight": 1.0,
      "sub_score": 0.816,
      "points": 5.63,
      "label": "Wenig Ackerland (1000 m)"
     },
     {
      "kind": "component",
      "name": "low_built_up",
      "metric": "built_up_percent",
      "value": 0.05,
      "unit": "%",
      "weight": 1.5,
      "sub_score": 0.99,
      "points": 10.24,
      "label": "Wenig Siedlungsfläche (1000 m)"
     },
     {
      "kind": "penalty",
      "name": "buildings_500m",
      "metric": "building_count_500m",
      "value": 1.0,
      "points": -3.0,
      "label": "Gebäude im 500-m-Ring"
     }
    ],
    "passes_filters": true,
    "filter_status": "PASS",
    "filter_reasons": [],
    "confidence": "hoch",
    "buffers": {
     "100": {
      "type": "Polygon",
      "coordinates": [
       [
        [
         13.333107,
         53.412869
        ],
        [
         13.332828,
         53.413246
        ],
        [
         13.332676,
         53.413624
        ],
        [
         13.332499,
         53.41405
        ],
        [
         13.33207,
         53.414429
        ],
        [
         13.331394,
         53.414646
        ],
        [
         13.33064,
         53.414721
        ],
        [
         13.329879,
         53.414753
        ],
        [
         13.329071,
         53.414741
        ],
        [
         13.328279,
         53.414582
        ],
        [
         13.327669,
         53.414238
        ],
        [
         13.327302,
         53.413795
        ],
        [
         13.327088,
         53.413335
        ],
        [
         13.327014,
         53.412869
        ],
        [
         13.327212,
         53.412421
        ],
        [
         13.327717,
         53.412072
        ],
        [
         13.328319,
         53.411842
        ],
        [
         13.32881,
         53.411614
        ],
        [
         13.329256,
         53.411286
        ],
        [
         13.32987,
         53.410941
        ],
        [
         13.330691,
         53.410769
        ],
        [
         13.331549,
         53.410848
        ],
        [
         13.332306,
         53.411105
        ],
        [
         13.332922,
         53.411465
        ],
        [
         13.333313,
         53.411915
        ],
        [
         13.333355,
         53.412415
        ],
        [
         13.333107,
         53.412869
        ]
       ],
       [
        [
         13.331864,
         53.412869
        ],
        [
         13.331799,
         53.412643
        ],
        [
         13.331734,
         53.412409
        ],
        [
         13.331603,
         53.412161
        ],
        [
         13.331321,
         53.411955
        ],
        [
         13.330915,
         53.411844
        ],
        [
         13.330477,
         53.411816
        ],
        [
         13.330053,
         53.411841
        ],
        [
         13.329663,
         53.411926
        ],
        [
         13.329366,
         53.412095
        ],
        [
         13.329206,
         53.412311
        ],
        [
         13.329103,
         53.412506
        ],
        [
         13.328926,
         53.412673
        ],
        [
         13.328679,
         53.412869
        ],
        [
         13.328522,
         53.413125
        ],
        [
         13.32859,
         53.413392
        ],
        [
         13.328853,
         53.413613
        ],
        [
         13.329211,
         53.413777
        ],
        [
         13.329616,
         53.413885
        ],
        [
         13.330051,
         53.413906
        ],
        [
         13.330457,
         53.413824
        ],
        [
         13.330785,
         53.41369
        ],
        [
         13.331076,
         53.413571
        ],
        [
         13.331396,
         53.413467
        ],
        [
         13.331699,
         53.413318
        ],
        [
         13.331864,
         53.413104
        ],
        [
         13.331864,
         53.412869
        ]
       ]
      ]
     },
     "500": {
      "type": "Polygon",
      "coordinates": [
       [
        [
         13.338781,
         53.412869
        ],
        [
         13.337893,
         53.41399
        ],
        [
         13.337127,
         53.415016
        ],
        [
         13.336622,
         53.416227
        ],
        [
         13.335731,
         53.417591
        ],
        [
         13.333956,
         53.418673
        ],
        [
         13.331539,
         53.419135
        ],
        [
         13.329005,
         53.419045
        ],
        [
         13.326632,
         53.418575
        ],
        [
         13.324664,
         53.417704
        ],
        [
         13.323498,
         53.416441
        ],
        [
         13.323196,
         53.415079
        ],
        [
         13.323115,
         53.413919
        ],
        [
         13.322598,
         53.412869
        ],
        [
         13.321894,
         53.411639
        ],
        [
         13.321887,
         53.410249
        ],
        [
         13.322989,
         53.409028
        ],
        [
         13.324793,
         53.408146
        ],
        [
         13.326829,
         53.407472
        ],
        [
         13.329062,
         53.406976
        ],
        [
         13.331476,
         53.406912
        ],
        [
         13.333716,
         53.407442
        ],
        [
         13.335504,
         53.408343
        ],
        [
         13.336993,
         53.409315
        ],
        [
         13.338301,
         53.410354
        ],
        [
         13.339031,
         53.411581
        ],
        [
         13.338781,
         53.412869
        ]
       ],
       [
        [
         13.331736,
         53.412869
        ],
        [
         13.331698,
         53.412658
        ],
        [
         13.331654,
         53.412434
        ],
        [
         13.331531,
         53.412199
        ],
        [
         13.331254,
         53.412013
        ],
        [
         13.330868,
         53.411917
        ],
        [
         13.330464,
         53.411879
        ],
        [
         13.330055,
         53.411847
        ],
        [
         13.329612,
         53.411845
        ],
        [
         13.329193,
         53.411945
        ],
        [
         13.328918,
         53.412159
        ],
        [
         13.328817,
         53.412416
        ],
        [
         13.328801,
         53.412654
        ],
        [
         13.328804,
         53.412869
        ],
        [
         13.328855,
         53.413076
        ],
        [
         13.328988,
         53.413268
        ],
        [
         13.329161,
         53.413451
        ],
        [
         13.329348,
         53.413659
        ],
        [
         13.329615,
         53.413887
        ],
        [
         13.330023,
         53.414047
        ],
        [
         13.330502,
         53.414045
        ],
        [
         13.330914,
         53.413892
        ],
        [
         13.331209,
         53.413686
        ],
        [
         13.331443,
         53.413492
        ],
        [
         13.331635,
         53.413298
        ],
        [
         13.331737,
         53.413085
        ],
        [
         13.331736,
         53.412869
        ]
       ]
      ]
     },
     "1000": {
      "type": "Polygon",
      "coordinates": [
       [
        [
         13.347133,
         53.412869
        ],
        [
         13.34775,
         53.415438
        ],
        [
         13.347449,
         53.418245
        ],
        [
         13.345048,
         53.420676
        ],
        [
         13.340737,
         53.421914
        ],
        [
         13.336038,
         53.421945
        ],
        [
         13.332032,
         53.421556
        ],
        [
         13.32855,
         53.421276
        ],
        [
         13.32516,
         53.420889
        ],
        [
         13.321924,
         53.42007
        ],
        [
         13.318833,
         53.418904
        ],
        [
         13.315521,
         53.41748
        ],
        [
         13.312268,
         53.415512
        ],
        [
         13.31051,
         53.412869
        ],
        [
         13.311429,
         53.410102
        ],
        [
         13.314431,
         53.407916
        ],
        [
         13.317883,
         53.406332
        ],
        [
         13.321056,
         53.404919
        ],
        [
         13.324433,
         53.403706
        ],
        [
         13.328299,
         53.403227
        ],
        [
         13.332141,
         53.403647
        ],
        [
         13.335603,
         53.404476
        ],
        [
         13.33898,
         53.405341
        ],
        [
         13.342326,
         53.406499
        ],
        [
         13.344938,
         53.408278
        ],
        [
         13.34636,
         53.410504
        ],
        [
         13.347133,
         53.412869
        ]
       ],
       [
        [
         13.332086,
         53.412869
        ],
        [
         13.33202,
         53.412611
        ],
        [
         13.331792,
         53.412391
        ],
        [
         13.331504,
         53.412214
        ],
        [
         13.331205,
         53.412055
        ],
        [
         13.330859,
         53.411932
        ],
        [
         13.330459,
         53.411905
        ],
        [
         13.330083,
         53.411985
        ],
        [
         13.329773,
         53.412099
        ],
        [
         13.329464,
         53.412179
        ],
        [
         13.329091,
         53.41225
        ],
        [
         13.328717,
         53.412385
        ],
        [
         13.328468,
         53.412605
        ],
        [
         13.328383,
         53.412869
        ],
        [
         13.328426,
         53.413139
        ],
        [
         13.328594,
         53.413391
        ],
        [
         13.328918,
         53.413579
        ],
        [
         13.32935,
         53.413657
        ],
        [
         13.329764,
         53.413653
        ],
        [
         13.330102,
         53.413657
        ],
        [
         13.330435,
         53.413712
        ],
        [
         13.330824,
         53.413751
        ],
        [
         13.33122,
         53.413696
        ],
        [
         13.331539,
         53.413543
        ],
        [
         13.33178,
         53.413344
        ],
        [
         13.331978,
         53.413121
        ],
        [
         13.332086,
         53.412869
        ]
       ]
      ]
     }
    }
   }
  },
  {
   "type": "Feature",
   "geometry": {
    "type": "Polygon",
    "coordinates": [
     [
      [
       13.253501,
       53.471365
      ],
      [
       13.253794,
       53.47216
      ],
      [
       13.253856,
       53.473077
      ],
      [
       13.253153,
       53.473884
      ],
      [
       13.251722,
       53.474251
      ],
      [
       13.250163,
       53.47417
      ],
      [
       13.248904,
       53.473956
      ],
      [
       13.247876,
       53.473814
      ],
      [
       13.246911,
       53.473663
      ],
      [
       13.246014,
       53.473401
      ],
      [
       13.245105,
       53.473089
      ],
      [
       13.243955,
       53.472745
      ],
      [
       13.242668,
       53.472202
      ],
      [
       13.241896,
       53.471365
      ],
      [
       13.242188,
       53.470457
      ],
      [
       13.243305,
       53.469781
      ],
      [
       13.244546,
       53.469345
      ],
      [
       13.245588,
       53.468961
      ],
      [
       13.246625,
       53.468618
      ],
      [
       13.247793,
       53.468508
      ],
      [
       13.248924,
       53.468673
      ],
      [
       13.249939,
       53.46891
      ],
      [
       13.250998,
       53.469102
      ],
      [
       13.252104,
       53.469398
      ],
      [
       13.252928,
       53.469942
      ],
      [
       13.253297,
       53.470642
      ],
      [
       13.253501,
       53.471365
      ]
     ]
    ]
   },
   "properties": {
    "name": "Demo 05 – Buchenhaussee",
    "osm_type": "way",
    "osm_id": 900000004,
    "lake_uid": "w900000004",
    "latitude": 53.471365,
    "longitude": 13.248375,
    "area_ha": 36.3,
    "shore_tree_cover": 88.0,
    "tree_cover_100m": 88.0,
    "tree_cover_500m": 83.0,
    "tree_cover_1000m": 76.0,
    "natural_land_percent": 80.0,
    "built_up_percent": 0.1,
    "cropland_percent": 11.0,
    "building_count_100m": 0,
    "building_count_250m": 0,
    "building_count_500m": 1,
    "building_count_1000m": 6,
    "distance_nearest_building_m": 640.0,
    "distance_major_road_m": 1250.0,
    "distance_residential_m": 1800.0,
    "distance_campsite_m": 3000.0,
    "distance_marina_m": 3000.0,
    "has_campsite": false,
    "has_marina": false,
    "has_accommodation": false,
    "has_residential": false,
    "has_parking": false,
    "has_railway": false,
    "drive_time_min": 110.0,
    "drive_distance_km": 137.5,
    "drive_time_source": "demo",
    "air_distance_km": 105.8,
    "landcover_ref_distance_m": 1000,
    "landcover_ok": true,
    "shore_segment_p10_score": 82.0,
    "shore_segment_median_score": 88.0,
    "shore_segment_min_score": 60.0,
    "developed_shore_percent": 2.0,
    "natural_shore_percent": 97.0,
    "longest_developed_section_m": 25.0,
    "shore_segment_count": 40,
    "nodata_percent_1000m": 0.0,
    "valid_pixels_1000m": 40000,
    "building_data_ok": true,
    "osm_features_ok": true,
    "travel_ok": true,
    "shore_segments_ok": true,
    "quality_flags": [
     "landcover_stand_2021",
     "DEMO-DATEN"
    ],
    "wilderness_score": 68.8,
    "visual_seclusion_score": 77.7,
    "access_score": 44.6,
    "data_confidence_score": 95.0,
    "overall_spot_score": 67.5,
    "overall_coverage": 58.8,
    "score_base": 72.3,
    "score_penalties": 3.5,
    "score_breakdown": [
     {
      "kind": "component",
      "name": "shore_tree_cover",
      "metric": "shore_tree_cover",
      "value": 88.0,
      "unit": "%",
      "weight": 3.0,
      "sub_score": 0.873,
      "points": 18.06,
      "label": "Wald direkt am Ufer (0-100 m)"
     },
     {
      "kind": "component",
      "name": "tree_cover_500m",
      "metric": "tree_cover_500m",
      "value": 83.0,
      "unit": "%",
      "weight": 2.0,
      "sub_score": 0.883,
      "points": 12.18,
      "label": "Wald im 500-m-Ring"
     },
     {
      "kind": "component",
      "name": "tree_cover_1000m",
      "metric": "tree_cover_1000m",
      "value": 76.0,
      "unit": "%",
      "weight": 1.0,
      "sub_score": 0.85,
      "points": 5.86,
      "label": "Wald im 1000-m-Ring"
     },
     {
      "kind": "component",
      "name": "natural_land",
      "metric": "natural_land_percent",
      "value": 80.0,
      "unit": "%",
      "weight": 1.0,
      "sub_score": 0.625,
      "points": 4.31,
      "label": "Naturnahe Fläche gesamt (1000 m)"
     },
     {
      "kind": "component",
      "name": "distance_building",
      "metric": "distance_nearest_building_m",
      "value": 640.0,
      "unit": "m",
      "weight": 2.5,
      "sub_score": 0.386,
      "points": 6.66,
      "label": "Abstand zum nächsten Gebäude"
     },
     {
      "kind": "component",
      "name": "distance_major_road",
      "metric": "distance_major_road_m",
      "value": 1250.0,
      "unit": "m",
      "weight": 1.5,
      "sub_score": 0.583,
      "points": 6.03,
      "label": "Abstand zur nächsten Hauptstraße"
     },
     {
      "kind": "component",
      "name": "distance_residential",
      "metric": "distance_residential_m",
      "value": 1800.0,
      "unit": "m",
      "weight": 1.0,
      "sub_score": 0.556,
      "points": 3.83,
      "label": "Abstand zum nächsten Wohngebiet"
     },
     {
      "kind": "component",
      "name": "low_cropland",
      "metric": "cropland_percent",
      "value": 11.0,
      "unit": "%",
      "weight": 1.0,
      "sub_score": 0.763,
      "points": 5.26,
      "label": "Wenig Ackerland (1000 m)"
     },
     {
      "kind": "component",
      "name": "low_built_up",
      "metric": "built_up_percent",
      "value": 0.1,
      "unit": "%",
      "weight": 1.5,
      "sub_score": 0.98,
      "points": 10.14,
      "label": "Wenig Siedlungsfläche (1000 m)"
     },
     {
      "kind": "penalty",
      "name": "buildings_500m",
      "metric": "building_count_500m",
      "value": 1.0,
      "points": -3.0,
      "label": "Gebäude im 500-m-Ring"
     },
     {
      "kind": "penalty",
      "name": "cropland_excess",
      "metric": "cropland_percent",
      "value": 11.0,
      "points": -0.5,
      "label": "Ackerland über 10 %"
     }
    ],
    "passes_filters": true,
    "filter_status": "PASS",
    "filter_reasons": [],
    "confidence": "hoch",
    "buffers": {
     "100": {
      "type": "Polygon",
      "coordinates": [
       [
        [
         13.254916,
         53.471365
        ],
        [
         13.254614,
         53.47228
        ],
        [
         13.253859,
         53.473078
        ],
        [
         13.253076,
         53.473843
        ],
        [
         13.252224,
         53.474684
        ],
        [
         13.250969,
         53.475436
        ],
        [
         13.249281,
         53.475804
        ],
        [
         13.247487,
         53.475719
        ],
        [
         13.245834,
         53.475352
        ],
        [
         13.244393,
         53.474798
        ],
        [
         13.243358,
         53.47401
        ],
        [
         13.242985,
         53.473049
        ],
        [
         13.243113,
         53.472137
        ],
        [
         13.24315,
         53.471365
        ],
        [
         13.242798,
         53.470546
        ],
        [
         13.242499,
         53.469529
        ],
        [
         13.242903,
         53.468479
        ],
        [
         13.244111,
         53.467688
        ],
        [
         13.245741,
         53.46723
        ],
        [
         13.247488,
         53.467017
        ],
        [
         13.249251,
         53.467073
        ],
        [
         13.250829,
         53.467513
        ],
        [
         13.251979,
         53.468256
        ],
        [
         13.252793,
         53.469035
        ],
        [
         13.253621,
         53.469726
        ],
        [
         13.254482,
         53.470469
        ],
        [
         13.254916,
         53.471365
        ]
       ],
       [
        [
         13.253875,
         53.471365
        ],
        [
         13.253358,
         53.470634
        ],
        [
         13.252454,
         53.47009
        ],
        [
         13.251542,
         53.469695
        ],
        [
         13.250819,
         53.469257
        ],
        [
         13.250063,
         53.468716
        ],
        [
         13.249003,
         53.468287
        ],
        [
         13.247731,
         53.468208
        ],
        [
         13.246514,
         53.468444
        ],
        [
         13.245402,
         53.4688
        ],
        [
         13.244311,
         53.469221
        ],
        [
         13.243387,
         53.469806
        ],
        [
         13.242935,
         53.470566
        ],
        [
         13.243008,
         53.471365
        ],
        [
         13.243357,
         53.472101
        ],
        [
         13.243845,
         53.47278
        ],
        [
         13.244603,
         53.473354
        ],
        [
         13.245681,
         53.473688
        ],
        [
         13.246837,
         53.473779
        ],
        [
         13.247868,
         53.473852
        ],
        [
         13.248928,
         53.474076
        ],
        [
         13.250245,
         53.4743
        ],
        [
         13.251679,
         53.474214
        ],
        [
         13.252844,
         53.473721
        ],
        [
         13.25356,
         53.472984
        ],
        [
         13.253904,
         53.472176
        ],
        [
         13.253875,
         53.471365
        ]
       ]
      ]
     },
     "500": {
      "type": "Polygon",
      "coordinates": [
       [
        [
         13.258903,
         53.471365
        ],
        [
         13.25885,
         53.472901
        ],
        [
         13.258995,
         53.474682
        ],
        [
         13.258352,
         53.476626
        ],
        [
         13.256252,
         53.478157
        ],
        [
         13.253173,
         53.478894
        ],
        [
         13.249954,
         53.479104
        ],
        [
         13.246781,
         53.479178
        ],
        [
         13.243525,
         53.478977
        ],
        [
         13.240575,
         53.478091
        ],
        [
         13.23856,
         53.47654
        ],
        [
         13.237465,
         53.474773
        ],
        [
         13.236791,
         53.473064
        ],
        [
         13.236509,
         53.471365
        ],
        [
         13.237094,
         53.469709
        ],
        [
         13.238543,
         53.468293
        ],
        [
         13.24016,
         53.467033
        ],
        [
         13.241623,
         53.465542
        ],
        [
         13.24356,
         53.463807
        ],
        [
         13.246571,
         53.462523
        ],
        [
         13.250204,
         53.462399
        ],
        [
         13.253466,
         53.463374
        ],
        [
         13.255946,
         53.464836
        ],
        [
         13.257789,
         53.4664
        ],
        [
         13.258934,
         53.468066
        ],
        [
         13.259178,
         53.46978
        ],
        [
         13.258903,
         53.471365
        ]
       ],
       [
        [
         13.252591,
         53.471365
        ],
        [
         13.252588,
         53.470746
        ],
        [
         13.25263,
         53.470035
        ],
        [
         13.25227,
         53.46931
        ],
        [
         13.251379,
         53.468774
        ],
        [
         13.25022,
         53.468469
        ],
        [
         13.249007,
         53.468266
        ],
        [
         13.247716,
         53.468132
        ],
        [
         13.246372,
         53.468221
        ],
        [
         13.245209,
         53.468635
        ],
        [
         13.244378,
         53.469257
        ],
        [
         13.243779,
         53.469929
        ],
        [
         13.243353,
         53.470628
        ],
        [
         13.243309,
         53.471365
        ],
        [
         13.243803,
         53.472035
        ],
        [
         13.244579,
         53.47255
        ],
        [
         13.245231,
         53.473023
        ],
        [
         13.245747,
         53.473631
        ],
        [
         13.246495,
         53.474315
        ],
        [
         13.247677,
         53.474787
        ],
        [
         13.249089,
         53.474864
        ],
        [
         13.250447,
         53.474616
        ],
        [
         13.251632,
         53.474173
        ],
        [
         13.252525,
         53.473553
        ],
        [
         13.252915,
         53.472783
        ],
        [
         13.25281,
         53.472015
        ],
        [
         13.252591,
         53.471365
        ]
       ]
      ]
     },
     "1000": {
      "type": "Polygon",
      "coordinates": [
       [
        [
         13.271178,
         53.471365
        ],
        [
         13.270828,
         53.474659
        ],
        [
         13.268671,
         53.477705
        ],
        [
         13.264465,
         53.479849
        ],
        [
         13.259286,
         53.480773
        ],
        [
         13.254588,
         53.481116
        ],
        [
         13.25049,
         53.481733
        ],
        [
         13.246108,
         53.482478
        ],
        [
         13.24135,
         53.48239
        ],
        [
         13.237156,
         53.481039
        ],
        [
         13.233914,
         53.47899
        ],
        [
         13.230961,
         53.476805
        ],
        [
         13.228083,
         53.474342
        ],
        [
         13.226372,
         53.471365
        ],
        [
         13.226846,
         53.468206
        ],
        [
         13.22911,
         53.465346
        ],
        [
         13.232212,
         53.462841
        ],
        [
         13.236055,
         53.460741
        ],
        [
         13.240901,
         53.459635
        ],
        [
         13.246064,
         53.460033
        ],
        [
         13.250412,
         53.461382
        ],
        [
         13.254034,
         53.462483
        ],
        [
         13.258121,
         53.462961
        ],
        [
         13.262997,
         53.463654
        ],
        [
         13.267413,
         53.465417
        ],
        [
         13.27014,
         53.468171
        ],
        [
         13.271178,
         53.471365
        ]
       ],
       [
        [
         13.254081,
         53.471365
        ],
        [
         13.254296,
         53.470496
        ],
        [
         13.253697,
         53.469702
        ],
        [
         13.252545,
         53.469166
        ],
        [
         13.251283,
         53.468857
        ],
        [
         13.250085,
         53.468681
        ],
        [
         13.248928,
         53.468655
        ],
        [
         13.247853,
         53.468806
        ],
        [
         13.246877,
         53.469014
        ],
        [
         13.245814,
         53.469156
        ],
        [
         13.244524,
         53.469334
        ],
        [
         13.243291,
         53.469776
        ],
        [
         13.242629,
         53.470521
        ],
        [
         13.242688,
         53.471365
        ],
        [
         13.243139,
         53.472133
        ],
        [
         13.243685,
         53.47283
        ],
        [
         13.244398,
         53.473462
        ],
        [
         13.245421,
         53.473912
        ],
        [
         13.246631,
         53.474102
        ],
        [
         13.247809,
         53.47414
        ],
        [
         13.248944,
         53.474152
        ],
        [
         13.250101,
         53.474074
        ],
        [
         13.251156,
         53.473763
        ],
        [
         13.251944,
         53.473246
        ],
        [
         13.25259,
         53.472681
        ],
        [
         13.253344,
         53.472094
        ],
        [
         13.254081,
         53.471365
        ]
       ]
      ]
     }
    }
   }
  },
  {
   "type": "Feature",
   "geometry": {
    "type": "Polygon",
    "coordinates": [
     [
      [
       13.248858,
       53.373001
      ],
      [
       13.24873,
       53.37353
      ],
      [
       13.2481,
       53.37393
      ],
      [
       13.247352,
       53.374174
      ],
      [
       13.246738,
       53.374388
      ],
      [
       13.246163,
       53.374621
      ],
      [
       13.245488,
       53.374744
      ],
      [
       13.244795,
       53.374659
      ],
      [
       13.244207,
       53.374457
      ],
      [
       13.243657,
       53.374276
      ],
      [
       13.243052,
       53.374101
      ],
      [
       13.242504,
       53.373824
      ],
      [
       13.242183,
       53.373435
      ],
      [
       13.242037,
       53.373001
      ],
      [
       13.241915,
       53.372528
      ],
      [
       13.241912,
       53.371992
      ],
      [
       13.24231,
       53.371509
      ],
      [
       13.243148,
       53.371285
      ],
      [
       13.244093,
       53.371365
      ],
      [
       13.244837,
       53.371548
      ],
      [
       13.24541,
       53.371639
      ],
      [
       13.245985,
       53.371661
      ],
      [
       13.246587,
       53.371743
      ],
      [
       13.24717,
       53.371924
      ],
      [
       13.247786,
       53.37217
      ],
      [
       13.248437,
       53.372515
      ],
      [
       13.248858,
       53.373001
      ]
     ]
    ]
   },
   "properties": {
    "name": "Demo 06 – Erlenbruchsee",
    "osm_type": "way",
    "osm_id": 900000005,
    "lake_uid": "w900000005",
    "latitude": 53.373001,
    "longitude": 13.245133,
    "area_ha": 12.6,
    "shore_tree_cover": 86.0,
    "tree_cover_100m": 86.0,
    "tree_cover_500m": 79.0,
    "tree_cover_1000m": 70.0,
    "natural_land_percent": 74.0,
    "built_up_percent": 0.2,
    "cropland_percent": 14.0,
    "building_count_100m": 0,
    "building_count_250m": 1,
    "building_count_500m": 2,
    "building_count_1000m": 9,
    "distance_nearest_building_m": 520.0,
    "distance_major_road_m": 700.0,
    "distance_residential_m": 1500.0,
    "distance_campsite_m": 3000.0,
    "distance_marina_m": 3000.0,
    "has_campsite": false,
    "has_marina": false,
    "has_accommodation": false,
    "has_residential": false,
    "has_parking": false,
    "has_railway": false,
    "drive_time_min": 126.0,
    "drive_distance_km": 157.5,
    "drive_time_source": "demo",
    "air_distance_km": 121.2,
    "landcover_ref_distance_m": 1000,
    "landcover_ok": true,
    "shore_segment_p10_score": 80.0,
    "shore_segment_median_score": 86.0,
    "shore_segment_min_score": 55.0,
    "developed_shore_percent": 4.0,
    "natural_shore_percent": 94.0,
    "longest_developed_section_m": 50.0,
    "shore_segment_count": 40,
    "nodata_percent_1000m": 0.0,
    "valid_pixels_1000m": 40000,
    "building_data_ok": true,
    "osm_features_ok": true,
    "travel_ok": true,
    "shore_segments_ok": true,
    "quality_flags": [
     "landcover_stand_2021",
     "DEMO-DATEN"
    ],
    "wilderness_score": 54.9,
    "visual_seclusion_score": 69.3,
    "access_score": 39.2,
    "data_confidence_score": 95.0,
    "overall_spot_score": 57.5,
    "overall_coverage": 58.8,
    "score_base": 62.9,
    "score_penalties": 8.0,
    "score_breakdown": [
     {
      "kind": "component",
      "name": "shore_tree_cover",
      "metric": "shore_tree_cover",
      "value": 86.0,
      "unit": "%",
      "weight": 3.0,
      "sub_score": 0.836,
      "points": 17.3,
      "label": "Wald direkt am Ufer (0-100 m)"
     },
     {
      "kind": "component",
      "name": "tree_cover_500m",
      "metric": "tree_cover_500m",
      "value": 79.0,
      "unit": "%",
      "weight": 2.0,
      "sub_score": 0.817,
      "points": 11.27,
      "label": "Wald im 500-m-Ring"
     },
     {
      "kind": "component",
      "name": "tree_cover_1000m",
      "metric": "tree_cover_1000m",
      "value": 70.0,
      "unit": "%",
      "weight": 1.0,
      "sub_score": 0.75,
      "points": 5.17,
      "label": "Wald im 1000-m-Ring"
     },
     {
      "kind": "component",
      "name": "natural_land",
      "metric": "natural_land_percent",
      "value": 74.0,
      "unit": "%",
      "weight": 1.0,
      "sub_score": 0.5,
      "points": 3.45,
      "label": "Naturnahe Fläche gesamt (1000 m)"
     },
     {
      "kind": "component",
      "name": "distance_building",
      "metric": "distance_nearest_building_m",
      "value": 520.0,
      "unit": "m",
      "weight": 2.5,
      "sub_score": 0.3,
      "points": 5.17,
      "label": "Abstand zum nächsten Gebäude"
     },
     {
      "kind": "component",
      "name": "distance_major_road",
      "metric": "distance_major_road_m",
      "value": 700.0,
      "unit": "m",
      "weight": 1.5,
      "sub_score": 0.278,
      "points": 2.88,
      "label": "Abstand zur nächsten Hauptstraße"
     },
     {
      "kind": "component",
      "name": "distance_residential",
      "metric": "distance_residential_m",
      "value": 1500.0,
      "unit": "m",
      "weight": 1.0,
      "sub_score": 0.444,
      "points": 3.06,
      "label": "Abstand zum nächsten Wohngebiet"
     },
     {
      "kind": "component",
      "name": "low_cropland",
      "metric": "cropland_percent",
      "value": 14.0,
      "unit": "%",
      "weight": 1.0,
      "sub_score": 0.684,
      "points": 4.72,
      "label": "Wenig Ackerland (1000 m)"
     },
     {
      "kind": "component",
      "name": "low_built_up",
      "metric": "built_up_percent",
      "value": 0.2,
      "unit": "%",
      "weight": 1.5,
      "sub_score": 0.96,
      "points": 9.93,
      "label": "Wenig Siedlungsfläche (1000 m)"
     },
     {
      "kind": "penalty",
      "name": "buildings_500m",
      "metric": "building_count_500m",
      "value": 2.0,
      "points": -6.0,
      "label": "Gebäude im 500-m-Ring"
     },
     {
      "kind": "penalty",
      "name": "cropland_excess",
      "metric": "cropland_percent",
      "value": 14.0,
      "points": -2.0,
      "label": "Ackerland über 10 %"
     }
    ],
    "passes_filters": false,
    "filter_status": "FAIL",
    "filter_reasons": [
     "Gebäude im 250-m-Ring 1 > 0",
     "Fahrzeit 126 > 120"
    ],
    "confidence": "hoch",
    "buffers": {
     "100": {
      "type": "Polygon",
      "coordinates": [
       [
        [
         13.249552,
         53.373001
        ],
        [
         13.249121,
         53.373587
        ],
        [
         13.248689,
         53.374114
        ],
        [
         13.24816,
         53.374601
        ],
        [
         13.247431,
         53.374987
        ],
        [
         13.246581,
         53.375279
        ],
        [
         13.245658,
         53.375582
        ],
        [
         13.244543,
         53.3759
        ],
        [
         13.243221,
         53.376008
        ],
        [
         13.242019,
         53.375692
        ],
        [
         13.24131,
         53.375021
        ],
        [
         13.241082,
         53.374269
        ],
        [
         13.241037,
         53.373603
        ],
        [
         13.241045,
         53.373001
        ],
        [
         13.24123,
         53.372427
        ],
        [
         13.241645,
         53.371908
        ],
        [
         13.242149,
         53.371424
        ],
        [
         13.242696,
         53.370895
        ],
        [
         13.24346,
         53.37037
        ],
        [
         13.244535,
         53.370063
        ],
        [
         13.245721,
         53.370112
        ],
        [
         13.246787,
         53.370398
        ],
        [
         13.247761,
         53.370729
        ],
        [
         13.248729,
         53.3711
        ],
        [
         13.249507,
         53.371631
        ],
        [
         13.249784,
         53.372317
        ],
        [
         13.249552,
         53.373001
        ]
       ],
       [
        [
         13.247933,
         53.373001
        ],
        [
         13.247577,
         53.372641
        ],
        [
         13.247303,
         53.372321
        ],
        [
         13.247133,
         53.371943
        ],
        [
         13.246846,
         53.37152
        ],
        [
         13.246292,
         53.371178
        ],
        [
         13.24554,
         53.371
        ],
        [
         13.244719,
         53.370968
        ],
        [
         13.243904,
         53.371067
        ],
        [
         13.24321,
         53.371339
        ],
        [
         13.242813,
         53.371775
        ],
        [
         13.242727,
         53.372247
        ],
        [
         13.242721,
         53.372646
        ],
        [
         13.242588,
         53.373001
        ],
        [
         13.242425,
         53.373399
        ],
        [
         13.242494,
         53.373827
        ],
        [
         13.242873,
         53.374195
        ],
        [
         13.243422,
         53.37448
        ],
        [
         13.244035,
         53.374728
        ],
        [
         13.244742,
         53.374922
        ],
        [
         13.245532,
         53.374961
        ],
        [
         13.246278,
         53.374802
        ],
        [
         13.246902,
         53.374529
        ],
        [
         13.247447,
         53.374224
        ],
        [
         13.247902,
         53.373868
        ],
        [
         13.248099,
         53.373437
        ],
        [
         13.247933,
         53.373001
        ]
       ]
      ]
     },
     "500": {
      "type": "Polygon",
      "coordinates": [
       [
        [
         13.257087,
         53.373001
        ],
        [
         13.256315,
         53.374645
        ],
        [
         13.254221,
         53.375846
        ],
        [
         13.251794,
         53.376521
        ],
        [
         13.249871,
         53.377096
        ],
        [
         13.248264,
         53.377926
        ],
        [
         13.246313,
         53.378799
        ],
        [
         13.243859,
         53.379259
        ],
        [
         13.241208,
         53.379174
        ],
        [
         13.238552,
         53.378688
        ],
        [
         13.236064,
         53.377794
        ],
        [
         13.234335,
         53.376382
        ],
        [
         13.233984,
         53.37464
        ],
        [
         13.234781,
         53.373001
        ],
        [
         13.235791,
         53.371627
        ],
        [
         13.236551,
         53.370314
        ],
        [
         13.237549,
         53.368992
        ],
        [
         13.239319,
         53.367975
        ],
        [
         13.241635,
         53.367498
        ],
        [
         13.243979,
         53.367334
        ],
        [
         13.246321,
         53.367165
        ],
        [
         13.248878,
         53.367109
        ],
        [
         13.251455,
         53.367536
        ],
        [
         13.253597,
         53.368527
        ],
        [
         13.255229,
         53.369839
        ],
        [
         13.256503,
         53.371329
        ],
        [
         13.257087,
         53.373001
        ]
       ],
       [
        [
         13.248028,
         53.373001
        ],
        [
         13.247862,
         53.372599
        ],
        [
         13.247604,
         53.372227
        ],
        [
         13.247322,
         53.371844
        ],
        [
         13.246902,
         53.371471
        ],
        [
         13.246272,
         53.371208
        ],
        [
         13.24552,
         53.371097
        ],
        [
         13.244743,
         53.371084
        ],
        [
         13.24395,
         53.37114
        ],
        [
         13.243212,
         53.371341
        ],
        [
         13.242736,
         53.371734
        ],
        [
         13.242633,
         53.372218
        ],
        [
         13.242723,
         53.372646
        ],
        [
         13.242727,
         53.373001
        ],
        [
         13.242612,
         53.373371
        ],
        [
         13.242599,
         53.373794
        ],
        [
         13.242843,
         53.374211
        ],
        [
         13.24331,
         53.374576
        ],
        [
         13.243934,
         53.374887
        ],
        [
         13.244708,
         53.375086
        ],
        [
         13.245552,
         53.375059
        ],
        [
         13.246266,
         53.374783
        ],
        [
         13.246754,
         53.374402
        ],
        [
         13.247143,
         53.374063
        ],
        [
         13.247568,
         53.373763
        ],
        [
         13.24793,
         53.373412
        ],
        [
         13.248028,
         53.373001
        ]
       ]
      ]
     },
     "1000": {
      "type": "Polygon",
      "coordinates": [
       [
        [
         13.262014,
         53.373001
        ],
        [
         13.260365,
         53.375241
        ],
        [
         13.258369,
         53.377145
        ],
        [
         13.256782,
         53.379158
        ],
        [
         13.255022,
         53.381548
        ],
        [
         13.251933,
         53.383698
        ],
        [
         13.247506,
         53.384659
        ],
        [
         13.24283,
         53.384314
        ],
        [
         13.238529,
         53.383389
        ],
        [
         13.234356,
         53.382316
        ],
        [
         13.230457,
         53.380758
        ],
        [
         13.227854,
         53.378411
        ],
        [
         13.227146,
         53.375646
        ],
        [
         13.227667,
         53.373001
        ],
        [
         13.228599,
         53.370569
        ],
        [
         13.23015,
         53.368309
        ],
        [
         13.23283,
         53.366498
        ],
        [
         13.236231,
         53.365307
        ],
        [
         13.239573,
         53.364254
        ],
        [
         13.243054,
         53.362788
        ],
        [
         13.24751,
         53.361323
        ],
        [
         13.252748,
         53.361022
        ],
        [
         13.257343,
         53.362448
        ],
        [
         13.26028,
         53.364995
        ],
        [
         13.26183,
         53.367772
        ],
        [
         13.262477,
         53.37045
        ],
        [
         13.262014,
         53.373001
        ]
       ],
       [
        [
         13.248139,
         53.373001
        ],
        [
         13.247901,
         53.372594
        ],
        [
         13.247625,
         53.372221
        ],
        [
         13.247243,
         53.371885
        ],
        [
         13.246695,
         53.371651
        ],
        [
         13.24607,
         53.371527
        ],
        [
         13.245456,
         53.371414
        ],
        [
         13.244775,
         53.371244
        ],
        [
         13.24394,
         53.371123
        ],
        [
         13.243085,
         53.37123
        ],
        [
         13.242474,
         53.371595
        ],
        [
         13.242199,
         53.372082
        ],
        [
         13.242143,
         53.372561
        ],
        [
         13.242218,
         53.373001
        ],
        [
         13.242464,
         53.373393
        ],
        [
         13.242864,
         53.373711
        ],
        [
         13.243276,
         53.373982
        ],
        [
         13.243633,
         53.374297
        ],
        [
         13.244075,
         53.374665
        ],
        [
         13.244739,
         53.374938
        ],
        [
         13.245534,
         53.374971
        ],
        [
         13.246271,
         53.37479
        ],
        [
         13.246907,
         53.374534
        ],
        [
         13.247505,
         53.374254
        ],
        [
         13.248002,
         53.373899
        ],
        [
         13.248225,
         53.373455
        ],
        [
         13.248139,
         53.373001
        ]
       ]
      ]
     }
    }
   }
  },
  {
   "type": "Feature",
   "geometry": {
    "type": "Polygon",
    "coordinates": [
     [
      [
       13.140558,
       53.379897
      ],
      [
       13.139371,
       53.380654
      ],
      [
       13.13851,
       53.381239
      ],
      [
       13.137962,
       53.381873
      ],
      [
       13.137271,
       53.382532
      ],
      [
       13.136254,
       53.383092
      ],
      [
       13.134976,
       53.383604
      ],
      [
       13.133365,
       53.384103
      ],
      [
       13.131414,
       53.384313
      ],
      [
       13.129633,
       53.383862
      ],
      [
       13.128707,
       53.382811
      ],
      [
       13.12864,
       53.381644
      ],
      [
       13.128749,
       53.380701
      ],
      [
       13.128624,
       53.379897
      ],
      [
       13.128607,
       53.379071
      ],
      [
       13.129128,
       53.378302
      ],
      [
       13.130045,
       53.377689
      ],
      [
       13.131004,
       53.377116
      ],
      [
       13.132048,
       53.376478
      ],
      [
       13.133425,
       53.375985
      ],
      [
       13.135032,
       53.375918
      ],
      [
       13.13656,
       53.376219
      ],
      [
       13.138026,
       53.376609
      ],
      [
       13.139598,
       53.377056
      ],
      [
       13.140939,
       53.377794
      ],
      [
       13.141319,
       53.378853
      ],
      [
       13.140558,
       53.379897
      ]
     ]
    ]
   },
   "properties": {
    "name": "Demo 07 – Forsthaussee",
    "osm_type": "way",
    "osm_id": 900000006,
    "lake_uid": "w900000006",
    "latitude": 53.379897,
    "longitude": 13.134222,
    "area_ha": 55.4,
    "shore_tree_cover": 81.0,
    "tree_cover_100m": 81.0,
    "tree_cover_500m": 74.0,
    "tree_cover_1000m": 66.0,
    "natural_land_percent": 70.0,
    "built_up_percent": 0.45,
    "cropland_percent": 16.0,
    "building_count_100m": 1,
    "building_count_250m": 2,
    "building_count_500m": 3,
    "building_count_1000m": 14,
    "distance_nearest_building_m": 210.0,
    "distance_major_road_m": 620.0,
    "distance_residential_m": 1250.0,
    "distance_campsite_m": 3000.0,
    "distance_marina_m": 3000.0,
    "has_campsite": false,
    "has_marina": false,
    "has_accommodation": false,
    "has_residential": false,
    "has_parking": false,
    "has_railway": false,
    "drive_time_min": 99.0,
    "drive_distance_km": 123.8,
    "drive_time_source": "demo",
    "air_distance_km": 95.2,
    "landcover_ref_distance_m": 1000,
    "landcover_ok": true,
    "shore_segment_p10_score": 75.0,
    "shore_segment_median_score": 81.0,
    "shore_segment_min_score": 47.0,
    "developed_shore_percent": 6.0,
    "natural_shore_percent": 91.0,
    "longest_developed_section_m": 75.0,
    "shore_segment_count": 40,
    "nodata_percent_1000m": 0.0,
    "valid_pixels_1000m": 40000,
    "building_data_ok": true,
    "osm_features_ok": true,
    "travel_ok": true,
    "shore_segments_ok": true,
    "quality_flags": [
     "landcover_stand_2021",
     "DEMO-DATEN"
    ],
    "wilderness_score": 35.1,
    "visual_seclusion_score": 54.8,
    "access_score": 48.3,
    "data_confidence_score": 95.0,
    "overall_spot_score": 45.6,
    "overall_coverage": 58.8,
    "score_base": 53.1,
    "score_penalties": 18.0,
    "score_breakdown": [
     {
      "kind": "component",
      "name": "shore_tree_cover",
      "metric": "shore_tree_cover",
      "value": 81.0,
      "unit": "%",
      "weight": 3.0,
      "sub_score": 0.745,
      "points": 15.41,
      "label": "Wald direkt am Ufer (0-100 m)"
     },
     {
      "kind": "component",
      "name": "tree_cover_500m",
      "metric": "tree_cover_500m",
      "value": 74.0,
      "unit": "%",
      "weight": 2.0,
      "sub_score": 0.733,
      "points": 10.11,
      "label": "Wald im 500-m-Ring"
     },
     {
      "kind": "component",
      "name": "tree_cover_1000m",
      "metric": "tree_cover_1000m",
      "value": 66.0,
      "unit": "%",
      "weight": 1.0,
      "sub_score": 0.683,
      "points": 4.71,
      "label": "Wald im 1000-m-Ring"
     },
     {
      "kind": "component",
      "name": "natural_land",
      "metric": "natural_land_percent",
      "value": 70.0,
      "unit": "%",
      "weight": 1.0,
      "sub_score": 0.417,
      "points": 2.88,
      "label": "Naturnahe Fläche gesamt (1000 m)"
     },
     {
      "kind": "component",
      "name": "distance_building",
      "metric": "distance_nearest_building_m",
      "value": 210.0,
      "unit": "m",
      "weight": 2.5,
      "sub_score": 0.079,
      "points": 1.36,
      "label": "Abstand zum nächsten Gebäude"
     },
     {
      "kind": "component",
      "name": "distance_major_road",
      "metric": "distance_major_road_m",
      "value": 620.0,
      "unit": "m",
      "weight": 1.5,
      "sub_score": 0.233,
      "points": 2.41,
      "label": "Abstand zur nächsten Hauptstraße"
     },
     {
      "kind": "component",
      "name": "distance_residential",
      "metric": "distance_residential_m",
      "value": 1250.0,
      "unit": "m",
      "weight": 1.0,
      "sub_score": 0.352,
      "points": 2.43,
      "label": "Abstand zum nächsten Wohngebiet"
     },
     {
      "kind": "component",
      "name": "low_cropland",
      "metric": "cropland_percent",
      "value": 16.0,
      "unit": "%",
      "weight": 1.0,
      "sub_score": 0.632,
      "points": 4.36,
      "label": "Wenig Ackerland (1000 m)"
     },
     {
      "kind": "component",
      "name": "low_built_up",
      "metric": "built_up_percent",
      "value": 0.45,
      "unit": "%",
      "weight": 1.5,
      "sub_score": 0.91,
      "points": 9.41,
      "label": "Wenig Siedlungsfläche (1000 m)"
     },
     {
      "kind": "penalty",
      "name": "buildings_500m",
      "metric": "building_count_500m",
      "value": 3.0,
      "points": -9.0,
      "label": "Gebäude im 500-m-Ring"
     },
     {
      "kind": "penalty",
      "name": "buildings_100m",
      "metric": "building_count_100m",
      "value": 1.0,
      "points": -6.0,
      "label": "Gebäude direkt am Ufer (100 m)"
     },
     {
      "kind": "penalty",
      "name": "cropland_excess",
      "metric": "cropland_percent",
      "value": 16.0,
      "points": -3.0,
      "label": "Ackerland über 10 %"
     }
    ],
    "passes_filters": false,
    "filter_status": "FAIL",
    "filter_reasons": [
     "Abstand nächstes Gebäude 210 < 300",
     "Gebäude im 100-m-Ring 1 > 0",
     "Gebäude im 250-m-Ring 2 > 0",
     "Gebäude im 500-m-Ring 3 > 2",
     "Ackeranteil 16 > 15"
    ],
    "confidence": "hoch",
    "buffers": {
     "100": {
      "type": "Polygon",
      "coordinates": [
       [
        [
         13.142715,
         53.379897
        ],
        [
         13.141763,
         53.381005
        ],
        [
         13.140278,
         53.381793
        ],
        [
         13.138948,
         53.382394
        ],
        [
         13.137954,
         53.383122
        ],
        [
         13.136825,
         53.383991
        ],
        [
         13.135183,
         53.384621
        ],
        [
         13.13324,
         53.38472
        ],
        [
         13.131356,
         53.384404
        ],
        [
         13.129569,
         53.383918
        ],
        [
         13.127873,
         53.383252
        ],
        [
         13.126608,
         53.38228
        ],
        [
         13.126128,
         53.381087
        ],
        [
         13.126283,
         53.379897
        ],
        [
         13.126667,
         53.378786
        ],
        [
         13.127272,
         53.377721
        ],
        [
         13.128429,
         53.376835
        ],
        [
         13.130123,
         53.376355
        ],
        [
         13.131879,
         53.376211
        ],
        [
         13.133435,
         53.376033
        ],
        [
         13.135087,
         53.375646
        ],
        [
         13.137108,
         53.375357
        ],
        [
         13.139221,
         53.375576
        ],
        [
         13.140939,
         53.376347
        ],
        [
         13.142113,
         53.377426
        ],
        [
         13.142771,
         53.37864
        ],
        [
         13.142715,
         53.379897
        ]
       ],
       [
        [
         13.14076,
         53.379897
        ],
        [
         13.140657,
         53.37895
        ],
        [
         13.139986,
         53.378092
        ],
        [
         13.138824,
         53.377464
        ],
        [
         13.137539,
         53.37703
        ],
        [
         13.136282,
         53.376656
        ],
        [
         13.134936,
         53.376387
        ],
        [
         13.133509,
         53.376395
        ],
        [
         13.132175,
         53.376677
        ],
        [
         13.130901,
         53.377027
        ],
        [
         13.129444,
         53.377372
        ],
        [
         13.127891,
         53.377915
        ],
        [
         13.126844,
         53.378812
        ],
        [
         13.126806,
         53.379897
        ],
        [
         13.127604,
         53.38087
        ],
        [
         13.128695,
         53.381627
        ],
        [
         13.129815,
         53.382226
        ],
        [
         13.131028,
         53.382656
        ],
        [
         13.132325,
         53.38288
        ],
        [
         13.133587,
         53.383017
        ],
        [
         13.134903,
         53.383246
        ],
        [
         13.136497,
         53.383475
        ],
        [
         13.138237,
         53.383366
        ],
        [
         13.139607,
         53.382743
        ],
        [
         13.140314,
         53.381804
        ],
        [
         13.140598,
         53.380834
        ],
        [
         13.14076,
         53.379897
        ]
       ]
      ]
     },
     "500": {
      "type": "Polygon",
      "coordinates": [
       [
        [
         13.148564,
         53.379897
        ],
        [
         13.148801,
         53.38204
        ],
        [
         13.1482,
         53.384273
        ],
        [
         13.146335,
         53.386298
        ],
        [
         13.143067,
         53.38754
        ],
        [
         13.139221,
         53.38776
        ],
        [
         13.135762,
         53.387462
        ],
        [
         13.132718,
         53.387283
        ],
        [
         13.12961,
         53.38715
        ],
        [
         13.126596,
         53.386487
        ],
        [
         13.12435,
         53.385114
        ],
        [
         13.122939,
         53.383429
        ],
        [
         13.121728,
         53.381734
        ],
        [
         13.120549,
         53.379897
        ],
        [
         13.12014,
         53.377826
        ],
        [
         13.121098,
         53.375788
        ],
        [
         13.123106,
         53.374022
        ],
        [
         13.125629,
         53.372471
        ],
        [
         13.128697,
         53.371207
        ],
        [
         13.132362,
         53.37076
        ],
        [
         13.135927,
         53.371519
        ],
        [
         13.138577,
         53.373047
        ],
        [
         13.140517,
         53.374457
        ],
        [
         13.142658,
         53.375439
        ],
        [
         13.145215,
         53.376455
        ],
        [
         13.147401,
         53.377959
        ],
        [
         13.148564,
         53.379897
        ]
       ],
       [
        [
         13.139869,
         53.379897
        ],
        [
         13.139695,
         53.379092
        ],
        [
         13.139485,
         53.378249
        ],
        [
         13.138805,
         53.377475
        ],
        [
         13.137637,
         53.376945
        ],
        [
         13.136307,
         53.376617
        ],
        [
         13.13495,
         53.37632
        ],
        [
         13.133445,
         53.376082
        ],
        [
         13.131826,
         53.376128
        ],
        [
         13.130353,
         53.376553
        ],
        [
         13.129146,
         53.377214
        ],
        [
         13.128118,
         53.377986
        ],
        [
         13.12739,
         53.378892
        ],
        [
         13.127377,
         53.379897
        ],
        [
         13.12823,
         53.380778
        ],
        [
         13.129464,
         53.381386
        ],
        [
         13.130472,
         53.381878
        ],
        [
         13.131221,
         53.38249
        ],
        [
         13.132134,
         53.38318
        ],
        [
         13.13345,
         53.383688
        ],
        [
         13.135032,
         53.383878
        ],
        [
         13.136709,
         53.383808
        ],
        [
         13.138373,
         53.383484
        ],
        [
         13.139722,
         53.382803
        ],
        [
         13.14034,
         53.381812
        ],
        [
         13.140217,
         53.380778
        ],
        [
         13.139869,
         53.379897
        ]
       ]
      ]
     },
     "1000": {
      "type": "Polygon",
      "coordinates": [
       [
        [
         13.159471,
         53.379897
        ],
        [
         13.157149,
         53.383268
        ],
        [
         13.153701,
         53.385995
        ],
        [
         13.149816,
         53.388138
        ],
        [
         13.145369,
         53.38953
        ],
        [
         13.14069,
         53.39007
        ],
        [
         13.136343,
         53.39032
        ],
        [
         13.13197,
         53.390959
        ],
        [
         13.126748,
         53.391652
        ],
        [
         13.121091,
         53.391244
        ],
        [
         13.116615,
         53.389201
        ],
        [
         13.114105,
         53.386195
        ],
        [
         13.11271,
         53.383059
        ],
        [
         13.111689,
         53.379897
        ],
        [
         13.111811,
         53.376602
        ],
        [
         13.114113,
         53.373601
        ],
        [
         13.11817,
         53.371414
        ],
        [
         13.122668,
         53.369912
        ],
        [
         13.127113,
         53.368716
        ],
        [
         13.131807,
         53.368032
        ],
        [
         13.13657,
         53.368358
        ],
        [
         13.140843,
         53.369483
        ],
        [
         13.144962,
         53.370615
        ],
        [
         13.149899,
         53.371612
        ],
        [
         13.1553,
         53.373298
        ],
        [
         13.159043,
         53.376247
        ],
        [
         13.159471,
         53.379897
        ]
       ],
       [
        [
         13.139796,
         53.379897
        ],
        [
         13.139726,
         53.379087
        ],
        [
         13.139457,
         53.378258
        ],
        [
         13.139034,
         53.377353
        ],
        [
         13.138193,
         53.376465
        ],
        [
         13.13677,
         53.375888
        ],
        [
         13.135054,
         53.375808
        ],
        [
         13.13344,
         53.376054
        ],
        [
         13.131966,
         53.376349
        ],
        [
         13.130509,
         53.376688
        ],
        [
         13.12926,
         53.377274
        ],
        [
         13.128597,
         53.378136
        ],
        [
         13.128531,
         53.37906
        ],
        [
         13.128663,
         53.379897
        ],
        [
         13.128767,
         53.380699
        ],
        [
         13.129051,
         53.381516
        ],
        [
         13.129734,
         53.382268
        ],
        [
         13.130724,
         53.38292
        ],
        [
         13.131892,
         53.383561
        ],
        [
         13.133353,
         53.384165
        ],
        [
         13.135143,
         53.384423
        ],
        [
         13.136865,
         53.384053
        ],
        [
         13.138024,
         53.383182
        ],
        [
         13.138623,
         53.382223
        ],
        [
         13.139066,
         53.381413
        ],
        [
         13.139528,
         53.380677
        ],
        [
         13.139796,
         53.379897
        ]
       ]
      ]
     }
    }
   }
  },
  {
   "type": "Feature",
   "geometry": {
    "type": "Polygon",
    "coordinates": [
     [
      [
       13.2837,
       53.276379
      ],
      [
       13.283284,
       53.276801
      ],
      [
       13.283066,
       53.27721
      ],
      [
       13.2829,
       53.277694
      ],
      [
       13.282448,
       53.278137
      ],
      [
       13.281674,
       53.278359
      ],
      [
       13.280826,
       53.278389
      ],
      [
       13.280004,
       53.278417
      ],
      [
       13.27908,
       53.278489
      ],
      [
       13.278063,
       53.278419
      ],
      [
       13.277234,
       53.278066
      ],
      [
       13.276788,
       53.277518
      ],
      [
       13.27663,
       53.276937
      ],
      [
       13.27665,
       53.276379
      ],
      [
       13.276962,
       53.27587
      ],
      [
       13.277637,
       53.275506
      ],
      [
       13.278409,
       53.275315
      ],
      [
       13.278957,
       53.275113
      ],
      [
       13.279357,
       53.274706
      ],
      [
       13.279973,
       53.274186
      ],
      [
       13.280927,
       53.273874
      ],
      [
       13.281962,
       53.273945
      ],
      [
       13.28283,
       53.27429
      ],
      [
       13.283509,
       53.274742
      ],
      [
       13.283967,
       53.275265
      ],
      [
       13.284035,
       53.275846
      ],
      [
       13.2837,
       53.276379
      ]
     ]
    ]
   },
   "properties": {
    "name": "Demo 11 – Ackerrandsee",
    "osm_type": "way",
    "osm_id": 900000010,
    "lake_uid": "w900000010",
    "latitude": 53.276379,
    "longitude": 13.280418,
    "area_ha": 18.1,
    "shore_tree_cover": 52.0,
    "tree_cover_100m": 52.0,
    "tree_cover_500m": 41.0,
    "tree_cover_1000m": 33.0,
    "natural_land_percent": 37.0,
    "built_up_percent": 0.3,
    "cropland_percent": 46.0,
    "building_count_100m": 0,
    "building_count_250m": 1,
    "building_count_500m": 2,
    "building_count_1000m": 11,
    "distance_nearest_building_m": 480.0,
    "distance_major_road_m": 540.0,
    "distance_residential_m": 1400.0,
    "distance_campsite_m": 3000.0,
    "distance_marina_m": 3000.0,
    "has_campsite": false,
    "has_marina": false,
    "has_accommodation": false,
    "has_residential": false,
    "has_parking": false,
    "has_railway": false,
    "drive_time_min": 84.0,
    "drive_distance_km": 105.0,
    "drive_time_source": "demo",
    "air_distance_km": 80.8,
    "landcover_ref_distance_m": 1000,
    "landcover_ok": true,
    "shore_segment_p10_score": 46.0,
    "shore_segment_median_score": 52.0,
    "shore_segment_min_score": 21.0,
    "developed_shore_percent": 4.0,
    "natural_shore_percent": 94.0,
    "longest_developed_section_m": 50.0,
    "shore_segment_count": 40,
    "nodata_percent_1000m": 0.0,
    "valid_pixels_1000m": 40000,
    "building_data_ok": true,
    "osm_features_ok": true,
    "travel_ok": true,
    "shore_segments_ok": true,
    "quality_flags": [
     "landcover_stand_2021",
     "DEMO-DATEN"
    ],
    "wilderness_score": 6.1,
    "visual_seclusion_score": 32.3,
    "access_score": 53.2,
    "data_confidence_score": 95.0,
    "overall_spot_score": 26.0,
    "overall_coverage": 58.8,
    "score_base": 27.1,
    "score_penalties": 21.0,
    "score_breakdown": [
     {
      "kind": "component",
      "name": "shore_tree_cover",
      "metric": "shore_tree_cover",
      "value": 52.0,
      "unit": "%",
      "weight": 3.0,
      "sub_score": 0.218,
      "points": 4.51,
      "label": "Wald direkt am Ufer (0-100 m)"
     },
     {
      "kind": "component",
      "name": "tree_cover_500m",
      "metric": "tree_cover_500m",
      "value": 41.0,
      "unit": "%",
      "weight": 2.0,
      "sub_score": 0.183,
      "points": 2.52,
      "label": "Wald im 500-m-Ring"
     },
     {
      "kind": "component",
      "name": "tree_cover_1000m",
      "metric": "tree_cover_1000m",
      "value": 33.0,
      "unit": "%",
      "weight": 1.0,
      "sub_score": 0.133,
      "points": 0.92,
      "label": "Wald im 1000-m-Ring"
     },
     {
      "kind": "component",
      "name": "natural_land",
      "metric": "natural_land_percent",
      "value": 37.0,
      "unit": "%",
      "weight": 1.0,
      "sub_score": 0.0,
      "points": 0.0,
      "label": "Naturnahe Fläche gesamt (1000 m)"
     },
     {
      "kind": "component",
      "name": "distance_building",
      "metric": "distance_nearest_building_m",
      "value": 480.0,
      "unit": "m",
      "weight": 2.5,
      "sub_score": 0.271,
      "points": 4.67,
      "label": "Abstand zum nächsten Gebäude"
     },
     {
      "kind": "component",
      "name": "distance_major_road",
      "metric": "distance_major_road_m",
      "value": 540.0,
      "unit": "m",
      "weight": 1.5,
      "sub_score": 0.189,
      "points": 1.96,
      "label": "Abstand zur nächsten Hauptstraße"
     },
     {
      "kind": "component",
      "name": "distance_residential",
      "metric": "distance_residential_m",
      "value": 1400.0,
      "unit": "m",
      "weight": 1.0,
      "sub_score": 0.407,
      "points": 2.81,
      "label": "Abstand zum nächsten Wohngebiet"
     },
     {
      "kind": "component",
      "name": "low_cropland",
      "metric": "cropland_percent",
      "value": 46.0,
      "unit": "%",
      "weight": 1.0,
      "sub_score": 0.0,
      "points": 0.0,
      "label": "Wenig Ackerland (1000 m)"
     },
     {
      "kind": "component",
      "name": "low_built_up",
      "metric": "built_up_percent",
      "value": 0.3,
      "unit": "%",
      "weight": 1.5,
      "sub_score": 0.94,
      "points": 9.72,
      "label": "Wenig Siedlungsfläche (1000 m)"
     },
     {
      "kind": "penalty",
      "name": "buildings_500m",
      "metric": "building_count_500m",
      "value": 2.0,
      "points": -6.0,
      "label": "Gebäude im 500-m-Ring"
     },
     {
      "kind": "penalty",
      "name": "cropland_excess",
      "metric": "cropland_percent",
      "value": 46.0,
      "points": -15.0,
      "label": "Ackerland über 10 %"
     }
    ],
    "passes_filters": false,
    "filter_status": "FAIL",
    "filter_reasons": [
     "Gebäude im 250-m-Ring 1 > 0",
     "Wald im 500-m-Ring 41 < 60",
     "Wald am Ufer 52 < 70",
     "Ackeranteil 46 > 15"
    ],
    "confidence": "hoch",
    "buffers": {
     "100": {
      "type": "Polygon",
      "coordinates": [
       [
        [
         13.28625,
         53.276379
        ],
        [
         13.286045,
         53.277208
        ],
        [
         13.285219,
         53.277886
        ],
        [
         13.284174,
         53.278369
        ],
        [
         13.283203,
         53.278792
        ],
        [
         13.282207,
         53.2792
        ],
        [
         13.281035,
         53.279419
        ],
        [
         13.279826,
         53.279294
        ],
        [
         13.278796,
         53.278937
        ],
        [
         13.277886,
         53.278573
        ],
        [
         13.276914,
         53.278235
        ],
        [
         13.275958,
         53.277779
        ],
        [
         13.275288,
         53.277135
        ],
        [
         13.274987,
         53.276379
        ],
        [
         13.274938,
         53.275571
        ],
        [
         13.275182,
         53.274736
        ],
        [
         13.275959,
         53.274017
        ],
        [
         13.277272,
         53.273653
        ],
        [
         13.278713,
         53.27369
        ],
        [
         13.279908,
         53.273867
        ],
        [
         13.280917,
         53.273924
        ],
        [
         13.28199,
         53.2739
        ],
        [
         13.283139,
         53.274022
        ],
        [
         13.284181,
         53.274386
        ],
        [
         13.285065,
         53.274921
        ],
        [
         13.285819,
         53.275583
        ],
        [
         13.28625,
         53.276379
        ]
       ],
       [
        [
         13.284173,
         53.276379
        ],
        [
         13.283698,
         53.275896
        ],
        [
         13.283188,
         53.27551
        ],
        [
         13.282793,
         53.275121
        ],
        [
         13.282352,
         53.274704
        ],
        [
         13.281679,
         53.27439
        ],
        [
         13.280841,
         53.274294
        ],
        [
         13.280006,
         53.274349
        ],
        [
         13.27918,
         53.274427
        ],
        [
         13.278296,
         53.274541
        ],
        [
         13.277458,
         53.274811
        ],
        [
         13.276881,
         53.275269
        ],
        [
         13.276617,
         53.275819
        ],
        [
         13.276558,
         53.276379
        ],
        [
         13.276695,
         53.276928
        ],
        [
         13.277157,
         53.277402
        ],
        [
         13.277928,
         53.277698
        ],
        [
         13.278743,
         53.27783
        ],
        [
         13.27941,
         53.277969
        ],
        [
         13.280042,
         53.278233
        ],
        [
         13.28085,
         53.278505
        ],
        [
         13.28181,
         53.278573
        ],
        [
         13.282718,
         53.278371
        ],
        [
         13.283461,
         53.277991
        ],
        [
         13.284027,
         53.277512
        ],
        [
         13.284311,
         53.276953
        ],
        [
         13.284173,
         53.276379
        ]
       ]
      ]
     },
     "500": {
      "type": "Polygon",
      "coordinates": [
       [
        [
         13.290628,
         53.276379
        ],
        [
         13.290003,
         53.277792
        ],
        [
         13.289554,
         53.279246
        ],
        [
         13.28887,
         53.280857
        ],
        [
         13.287283,
         53.282326
        ],
        [
         13.284799,
         53.283286
        ],
        [
         13.281909,
         53.283722
        ],
        [
         13.278919,
         53.283762
        ],
        [
         13.276048,
         53.28327
        ],
        [
         13.27386,
         53.28206
        ],
        [
         13.272828,
         53.2804
        ],
        [
         13.27251,
         53.278861
        ],
        [
         13.271889,
         53.277636
        ],
        [
         13.27069,
         53.276379
        ],
        [
         13.269776,
         53.27481
        ],
        [
         13.270031,
         53.273119
        ],
        [
         13.271425,
         53.271615
        ],
        [
         13.273468,
         53.270358
        ],
        [
         13.275985,
         53.26939
        ],
        [
         13.278921,
         53.269007
        ],
        [
         13.281829,
         53.269434
        ],
        [
         13.284222,
         53.270382
        ],
        [
         13.286231,
         53.271343
        ],
        [
         13.288253,
         53.272228
        ],
        [
         13.290052,
         53.273356
        ],
        [
         13.290889,
         53.274836
        ],
        [
         13.290628,
         53.276379
        ]
       ],
       [
        [
         13.284416,
         53.276379
        ],
        [
         13.284003,
         53.275851
        ],
        [
         13.283366,
         53.275454
        ],
        [
         13.282787,
         53.275124
        ],
        [
         13.282281,
         53.274765
        ],
        [
         13.281652,
         53.274434
        ],
        [
         13.280843,
         53.274285
        ],
        [
         13.280006,
         53.274351
        ],
        [
         13.279228,
         53.274503
        ],
        [
         13.278427,
         53.274654
        ],
        [
         13.277589,
         53.27488
        ],
        [
         13.276908,
         53.275277
        ],
        [
         13.276559,
         53.27581
        ],
        [
         13.276492,
         53.276379
        ],
        [
         13.27661,
         53.27694
        ],
        [
         13.276979,
         53.277458
        ],
        [
         13.277689,
         53.277824
        ],
        [
         13.278588,
         53.277964
        ],
        [
         13.279399,
         53.277985
        ],
        [
         13.280072,
         53.278085
        ],
        [
         13.280806,
         53.27829
        ],
        [
         13.281711,
         53.278418
        ],
        [
         13.28264,
         53.278304
        ],
        [
         13.283415,
         53.277967
        ],
        [
         13.284009,
         53.277506
        ],
        [
         13.284394,
         53.276965
        ],
        [
         13.284416,
         53.276379
        ]
       ]
      ]
     },
     "1000": {
      "type": "Polygon",
      "coordinates": [
       [
        [
         13.297341,
         53.276379
        ],
        [
         13.296942,
         53.278814
        ],
        [
         13.296562,
         53.281445
        ],
        [
         13.295112,
         53.284163
        ],
        [
         13.291962,
         53.286379
        ],
        [
         13.287662,
         53.2878
        ],
        [
         13.282903,
         53.288615
        ],
        [
         13.277901,
         53.288776
        ],
        [
         13.273199,
         53.287761
        ],
        [
         13.269932,
         53.285463
        ],
        [
         13.268445,
         53.282721
        ],
        [
         13.267464,
         53.280445
        ],
        [
         13.265602,
         53.278563
        ],
        [
         13.263261,
         53.276379
        ],
        [
         13.262079,
         53.273676
        ],
        [
         13.262878,
         53.270874
        ],
        [
         13.265174,
         53.268304
        ],
        [
         13.268486,
         53.266043
        ],
        [
         13.272867,
         53.264473
        ],
        [
         13.27795,
         53.264222
        ],
        [
         13.282673,
         53.265276
        ],
        [
         13.286514,
         53.266767
        ],
        [
         13.290065,
         53.268022
        ],
        [
         13.293709,
         53.269338
        ],
        [
         13.296563,
         53.271312
        ],
        [
         13.297626,
         53.273843
        ],
        [
         13.297341,
         53.276379
        ]
       ],
       [
        [
         13.284654,
         53.276379
        ],
        [
         13.284564,
         53.275768
        ],
        [
         13.28402,
         53.275248
        ],
        [
         13.283297,
         53.274854
        ],
        [
         13.282505,
         53.274572
        ],
        [
         13.281647,
         53.274442
        ],
        [
         13.280803,
         53.274485
        ],
        [
         13.280056,
         53.274593
        ],
        [
         13.279319,
         53.274646
        ],
        [
         13.27847,
         53.274691
        ],
        [
         13.27762,
         53.274897
        ],
        [
         13.277044,
         53.27532
        ],
        [
         13.27682,
         53.275849
        ],
        [
         13.276757,
         53.276379
        ],
        [
         13.276735,
         53.276922
        ],
        [
         13.276906,
         53.277481
        ],
        [
         13.277445,
         53.277954
        ],
        [
         13.278266,
         53.278243
        ],
        [
         13.279147,
         53.278382
        ],
        [
         13.279999,
         53.278445
        ],
        [
         13.280829,
         53.278404
        ],
        [
         13.28157,
         53.278195
        ],
        [
         13.282148,
         53.277878
        ],
        [
         13.282688,
         53.277581
        ],
        [
         13.28339,
         53.277312
        ],
        [
         13.284173,
         53.276932
        ],
        [
         13.284654,
         53.276379
        ]
       ]
      ]
     }
    }
   }
  },
  {
   "type": "Feature",
   "geometry": {
    "type": "Polygon",
    "coordinates": [
     [
      [
       13.022476,
       53.33
      ],
      [
       13.022617,
       53.330385
      ],
      [
       13.022476,
       53.330776
      ],
      [
       13.022152,
       53.331139
      ],
      [
       13.021663,
       53.331439
      ],
      [
       13.020996,
       53.331568
      ],
      [
       13.020294,
       53.331445
      ],
      [
       13.019761,
       53.331176
      ],
      [
       13.019382,
       53.330973
      ],
      [
       13.018949,
       53.330909
      ],
      [
       13.01839,
       53.330852
      ],
      [
       13.017885,
       53.330663
      ],
      [
       13.017597,
       53.330354
      ],
      [
       13.017472,
       53.33
      ],
      [
       13.017426,
       53.329621
      ],
      [
       13.017545,
       53.329231
      ],
      [
       13.017948,
       53.328915
      ],
      [
       13.01855,
       53.328745
      ],
      [
       13.019154,
       53.328668
      ],
      [
       13.019713,
       53.328589
      ],
      [
       13.020296,
       53.328543
      ],
      [
       13.020854,
       53.328656
      ],
      [
       13.021228,
       53.328938
      ],
      [
       13.021426,
       53.329246
      ],
      [
       13.02167,
       53.329477
      ],
      [
       13.022079,
       53.329694
      ],
      [
       13.022476,
       53.33
      ]
     ]
    ]
   },
   "properties": {
    "name": "Demo 08 – Mühlenteich",
    "osm_type": "way",
    "osm_id": 900000007,
    "lake_uid": "w900000007",
    "latitude": 53.33,
    "longitude": 13.02,
    "area_ha": 8.0,
    "shore_tree_cover": 74.0,
    "tree_cover_100m": 74.0,
    "tree_cover_500m": 68.0,
    "tree_cover_1000m": 61.0,
    "natural_land_percent": 65.0,
    "built_up_percent": 0.8,
    "cropland_percent": 22.0,
    "building_count_100m": 1,
    "building_count_250m": 3,
    "building_count_500m": 5,
    "building_count_1000m": 21,
    "distance_nearest_building_m": 140.0,
    "distance_major_road_m": 430.0,
    "distance_residential_m": 900.0,
    "distance_campsite_m": 3000.0,
    "distance_marina_m": 3000.0,
    "has_campsite": false,
    "has_marina": false,
    "has_accommodation": false,
    "has_residential": true,
    "has_parking": true,
    "has_railway": false,
    "drive_time_min": 105.0,
    "drive_distance_km": 131.2,
    "drive_time_source": "demo",
    "air_distance_km": 101.0,
    "landcover_ref_distance_m": 1000,
    "landcover_ok": true,
    "shore_segment_p10_score": 68.0,
    "shore_segment_median_score": 74.0,
    "shore_segment_min_score": 34.0,
    "developed_shore_percent": 10.0,
    "natural_shore_percent": 85.0,
    "longest_developed_section_m": 125.0,
    "shore_segment_count": 40,
    "nodata_percent_1000m": 0.0,
    "valid_pixels_1000m": 40000,
    "building_data_ok": true,
    "osm_features_ok": true,
    "travel_ok": true,
    "shore_segments_ok": true,
    "quality_flags": [
     "landcover_stand_2021",
     "DEMO-DATEN"
    ],
    "wilderness_score": 0.0,
    "visual_seclusion_score": 33.6,
    "access_score": 46.2,
    "data_confidence_score": 95.0,
    "overall_spot_score": 22.7,
    "overall_coverage": 58.8,
    "score_base": 43.1,
    "score_penalties": 54.5,
    "score_breakdown": [
     {
      "kind": "component",
      "name": "shore_tree_cover",
      "metric": "shore_tree_cover",
      "value": 74.0,
      "unit": "%",
      "weight": 3.0,
      "sub_score": 0.618,
      "points": 12.79,
      "label": "Wald direkt am Ufer (0-100 m)"
     },
     {
      "kind": "component",
      "name": "tree_cover_500m",
      "metric": "tree_cover_500m",
      "value": 68.0,
      "unit": "%",
      "weight": 2.0,
      "sub_score": 0.633,
      "points": 8.73,
      "label": "Wald im 500-m-Ring"
     },
     {
      "kind": "component",
      "name": "tree_cover_1000m",
      "metric": "tree_cover_1000m",
      "value": 61.0,
      "unit": "%",
      "weight": 1.0,
      "sub_score": 0.6,
      "points": 4.14,
      "label": "Wald im 1000-m-Ring"
     },
     {
      "kind": "component",
      "name": "natural_land",
      "metric": "natural_land_percent",
      "value": 65.0,
      "unit": "%",
      "weight": 1.0,
      "sub_score": 0.312,
      "points": 2.15,
      "label": "Naturnahe Fläche gesamt (1000 m)"
     },
     {
      "kind": "component",
      "name": "distance_building",
      "metric": "distance_nearest_building_m",
      "value": 140.0,
      "unit": "m",
      "weight": 2.5,
      "sub_score": 0.029,
      "points": 0.5,
      "label": "Abstand zum nächsten Gebäude"
     },
     {
      "kind": "component",
      "name": "distance_major_road",
      "metric": "distance_major_road_m",
      "value": 430.0,
      "unit": "m",
      "weight": 1.5,
      "sub_score": 0.128,
      "points": 1.32,
      "label": "Abstand zur nächsten Hauptstraße"
     },
     {
      "kind": "component",
      "name": "distance_residential",
      "metric": "distance_residential_m",
      "value": 900.0,
      "unit": "m",
      "weight": 1.0,
      "sub_score": 0.222,
      "points": 1.53,
      "label": "Abstand zum nächsten Wohngebiet"
     },
     {
      "kind": "component",
      "name": "low_cropland",
      "metric": "cropland_percent",
      "value": 22.0,
      "unit": "%",
      "weight": 1.0,
      "sub_score": 0.474,
      "points": 3.27,
      "label": "Wenig Ackerland (1000 m)"
     },
     {
      "kind": "component",
      "name": "low_built_up",
      "metric": "built_up_percent",
      "value": 0.8,
      "unit": "%",
      "weight": 1.5,
      "sub_score": 0.84,
      "points": 8.69,
      "label": "Wenig Siedlungsfläche (1000 m)"
     },
     {
      "kind": "penalty",
      "name": "buildings_500m",
      "metric": "building_count_500m",
      "value": 5.0,
      "points": -15.0,
      "label": "Gebäude im 500-m-Ring"
     },
     {
      "kind": "penalty",
      "name": "buildings_100m",
      "metric": "building_count_100m",
      "value": 1.0,
      "points": -6.0,
      "label": "Gebäude direkt am Ufer (100 m)"
     },
     {
      "kind": "penalty",
      "name": "residential",
      "metric": "has_residential",
      "value": true,
      "points": -20.0,
      "label": "Wohngebiet in Reichweite"
     },
     {
      "kind": "penalty",
      "name": "parking",
      "metric": "has_parking",
      "value": true,
      "points": -6.0,
      "label": "Parkplatz in Reichweite"
     },
     {
      "kind": "penalty",
      "name": "cropland_excess",
      "metric": "cropland_percent",
      "value": 22.0,
      "points": -6.0,
      "label": "Ackerland über 10 %"
     },
     {
      "kind": "penalty",
      "name": "built_up_excess",
      "metric": "built_up_percent",
      "value": 0.8,
      "points": -1.5,
      "label": "Siedlungsfläche über 0.5 %"
     }
    ],
    "passes_filters": false,
    "filter_status": "FAIL",
    "filter_reasons": [
     "Abstand nächstes Gebäude 140 < 300",
     "Gebäude im 100-m-Ring 1 > 0",
     "Gebäude im 250-m-Ring 3 > 0",
     "Gebäude im 500-m-Ring 5 > 2",
     "Wohngebiet in Reichweite: vorhanden",
     "Ackeranteil 22 > 15"
    ],
    "confidence": "hoch",
    "buffers": {
     "100": {
      "type": "Polygon",
      "coordinates": [
       [
        [
         13.024173,
         53.33
        ],
        [
         13.024157,
         53.330612
        ],
        [
         13.023869,
         53.331213
        ],
        [
         13.023145,
         53.331664
        ],
        [
         13.022128,
         53.331841
        ],
        [
         13.021162,
         53.33183
        ],
        [
         13.020376,
         53.331849
        ],
        [
         13.019599,
         53.331971
        ],
        [
         13.018697,
         53.332052
        ],
        [
         13.017755,
         53.331942
        ],
        [
         13.016894,
         53.331643
        ],
        [
         13.016133,
         53.331212
        ],
        [
         13.015566,
         53.330653
        ],
        [
         13.015449,
         53.33
        ],
        [
         13.015904,
         53.329397
        ],
        [
         13.016679,
         53.328959
        ],
        [
         13.017402,
         53.328625
        ],
        [
         13.018005,
         53.328274
        ],
        [
         13.018689,
         53.327936
        ],
        [
         13.019546,
         53.327768
        ],
        [
         13.020444,
         53.327816
        ],
        [
         13.021292,
         53.327965
        ],
        [
         13.022155,
         53.328135
        ],
        [
         13.023023,
         53.3284
        ],
        [
         13.023702,
         53.32884
        ],
        [
         13.024054,
         53.329403
        ],
        [
         13.024173,
         53.33
        ]
       ],
       [
        [
         13.02212,
         53.33
        ],
        [
         13.022024,
         53.329702
        ],
        [
         13.021974,
         53.329381
        ],
        [
         13.021826,
         53.329034
        ],
        [
         13.021466,
         53.328731
        ],
        [
         13.020938,
         53.328523
        ],
        [
         13.020326,
         53.328395
        ],
        [
         13.019666,
         53.328358
        ],
        [
         13.019034,
         53.328479
        ],
        [
         13.018588,
         53.328778
        ],
        [
         13.018392,
         53.329149
        ],
        [
         13.018294,
         53.329465
        ],
        [
         13.018101,
         53.32972
        ],
        [
         13.017838,
         53.33
        ],
        [
         13.017707,
         53.330338
        ],
        [
         13.017816,
         53.330685
        ],
        [
         13.018104,
         53.331003
        ],
        [
         13.018506,
         53.331293
        ],
        [
         13.019037,
         53.331516
        ],
        [
         13.019677,
         53.331587
        ],
        [
         13.020302,
         53.331486
        ],
        [
         13.02083,
         53.331307
        ],
        [
         13.021311,
         53.331134
        ],
        [
         13.021781,
         53.330942
        ],
        [
         13.022125,
         53.330666
        ],
        [
         13.022216,
         53.330326
        ],
        [
         13.02212,
         53.33
        ]
       ]
      ]
     },
     "500": {
      "type": "Polygon",
      "coordinates": [
       [
        [
         13.028532,
         53.33
        ],
        [
         13.028236,
         53.331212
        ],
        [
         13.028082,
         53.332533
        ],
        [
         13.02781,
         53.334132
        ],
        [
         13.026619,
         53.335727
        ],
        [
         13.024246,
         53.336686
        ],
        [
         13.021366,
         53.336719
        ],
        [
         13.018747,
         53.336163
        ],
        [
         13.01653,
         53.335464
        ],
        [
         13.014603,
         53.33467
        ],
        [
         13.013128,
         53.333636
        ],
        [
         13.012233,
         53.332435
        ],
        [
         13.011575,
         53.33124
        ],
        [
         13.010816,
         53.33
        ],
        [
         13.010324,
         53.328576
        ],
        [
         13.010813,
         53.327121
        ],
        [
         13.012363,
         53.325959
        ],
        [
         13.014352,
         53.325114
        ],
        [
         13.016391,
         53.324316
        ],
        [
         13.018692,
         53.323567
        ],
        [
         13.02136,
         53.323309
        ],
        [
         13.023892,
         53.323871
        ],
        [
         13.025756,
         53.32502
        ],
        [
         13.027018,
         53.326287
        ],
        [
         13.027974,
         53.327501
        ],
        [
         13.028541,
         53.328743
        ],
        [
         13.028532,
         53.33
        ]
       ],
       [
        [
         13.022387,
         53.33
        ],
        [
         13.022605,
         53.329617
        ],
        [
         13.022464,
         53.329228
        ],
        [
         13.02203,
         53.328926
        ],
        [
         13.021485,
         53.328716
        ],
        [
         13.020908,
         53.328571
        ],
        [
         13.0203,
         53.328522
        ],
        [
         13.019717,
         53.328608
        ],
        [
         13.019225,
         53.32878
        ],
        [
         13.018787,
         53.328951
        ],
        [
         13.018329,
         53.329116
        ],
        [
         13.017915,
         53.329347
        ],
        [
         13.017703,
         53.329662
        ],
        [
         13.017717,
         53.33
        ],
        [
         13.017802,
         53.330324
        ],
        [
         13.017866,
         53.330669
        ],
        [
         13.018024,
         53.331045
        ],
        [
         13.018424,
         53.331363
        ],
        [
         13.019031,
         53.331526
        ],
        [
         13.019687,
         53.331538
        ],
        [
         13.020298,
         53.331465
        ],
        [
         13.020839,
         53.331321
        ],
        [
         13.021253,
         53.331084
        ],
        [
         13.021504,
         53.330796
        ],
        [
         13.021697,
         53.330532
        ],
        [
         13.022001,
         53.330295
        ],
        [
         13.022387,
         53.33
        ]
       ]
      ]
     },
     "1000": {
      "type": "Polygon",
      "coordinates": [
       [
        [
         13.039182,
         53.33
        ],
        [
         13.038307,
         53.332695
        ],
        [
         13.035719,
         53.334927
        ],
        [
         13.032564,
         53.336647
        ],
        [
         13.02932,
         53.338063
        ],
        [
         13.025724,
         53.339014
        ],
        [
         13.021866,
         53.339179
        ],
        [
         13.018208,
         53.338812
        ],
        [
         13.014551,
         53.338581
        ],
        [
         13.010146,
         53.338526
        ],
        [
         13.005229,
         53.337815
        ],
        [
         13.001442,
         53.335817
        ],
        [
         13.000125,
         53.332926
        ],
        [
         13.000913,
         53.33
        ],
        [
         13.002645,
         53.327445
        ],
        [
         13.004933,
         53.325277
        ],
        [
         13.007984,
         53.323643
        ],
        [
         13.011494,
         53.322641
        ],
        [
         13.014829,
         53.321857
        ],
        [
         13.018126,
         53.320783
        ],
        [
         13.022092,
         53.319712
        ],
        [
         13.026615,
         53.319584
        ],
        [
         13.03061,
         53.32082
        ],
        [
         13.0335,
         53.322858
        ],
        [
         13.035848,
         53.325033
        ],
        [
         13.038028,
         53.327346
        ],
        [
         13.039182,
         53.33
        ]
       ],
       [
        [
         13.022473,
         53.33
        ],
        [
         13.022222,
         53.329673
        ],
        [
         13.021919,
         53.329399
        ],
        [
         13.021647,
         53.329129
        ],
        [
         13.021315,
         53.328862
        ],
        [
         13.020835,
         53.328685
        ],
        [
         13.020274,
         53.328651
        ],
        [
         13.019735,
         53.328696
        ],
        [
         13.019192,
         53.328727
        ],
        [
         13.018578,
         53.32877
        ],
        [
         13.017973,
         53.328928
        ],
        [
         13.017556,
         53.329234
        ],
        [
         13.017393,
         53.329616
        ],
        [
         13.017412,
         53.33
        ],
        [
         13.017571,
         53.330358
        ],
        [
         13.017913,
         53.330654
        ],
        [
         13.018409,
         53.330842
        ],
        [
         13.018908,
         53.330945
        ],
        [
         13.019317,
         53.331076
        ],
        [
         13.019738,
         53.331289
        ],
        [
         13.020301,
         53.331481
        ],
        [
         13.020956,
         53.331505
        ],
        [
         13.02154,
         53.331332
        ],
        [
         13.021986,
         53.331051
        ],
        [
         13.022322,
         53.330728
        ],
        [
         13.022515,
         53.33037
        ],
        [
         13.022473,
         53.33
        ]
       ]
      ]
     }
    }
   }
  },
  {
   "type": "Feature",
   "geometry": {
    "type": "Polygon",
    "coordinates": [
     [
      [
       13.185983,
       53.29312
      ],
      [
       13.185763,
       53.294342
      ],
      [
       13.184573,
       53.295349
      ],
      [
       13.182961,
       53.296028
      ],
      [
       13.181453,
       53.296571
      ],
      [
       13.179968,
       53.29706
      ],
      [
       13.178311,
       53.297269
      ],
      [
       13.176664,
       53.297079
      ],
      [
       13.175136,
       53.296795
      ],
      [
       13.173328,
       53.296705
      ],
      [
       13.170976,
       53.296558
      ],
      [
       13.168757,
       53.295853
      ],
      [
       13.167765,
       53.294549
      ],
      [
       13.168259,
       53.29312
      ],
      [
       13.169504,
       53.291946
      ],
      [
       13.170836,
       53.291039
      ],
      [
       13.172251,
       53.290357
      ],
      [
       13.173838,
       53.289976
      ],
      [
       13.175354,
       53.289788
      ],
      [
       13.176718,
       53.289426
      ],
      [
       13.178349,
       53.288786
      ],
      [
       13.180496,
       53.288348
      ],
      [
       13.182627,
       53.288652
      ],
      [
       13.184043,
       53.289639
      ],
      [
       13.184805,
       53.290818
      ],
      [
       13.185456,
       53.291943
      ],
      [
       13.185983,
       53.29312
      ]
     ]
    ]
   },
   "properties": {
    "name": "Demo 09 – Zeltplatzsee",
    "osm_type": "way",
    "osm_id": 900000008,
    "lake_uid": "w900000008",
    "latitude": 53.29312,
    "longitude": 13.177468,
    "area_ha": 84.9,
    "shore_tree_cover": 78.0,
    "tree_cover_100m": 78.0,
    "tree_cover_500m": 71.0,
    "tree_cover_1000m": 63.0,
    "natural_land_percent": 67.0,
    "built_up_percent": 0.6,
    "cropland_percent": 12.0,
    "building_count_100m": 0,
    "building_count_250m": 2,
    "building_count_500m": 4,
    "building_count_1000m": 26,
    "distance_nearest_building_m": 300.0,
    "distance_major_road_m": 380.0,
    "distance_residential_m": 850.0,
    "distance_campsite_m": 800.0,
    "distance_marina_m": 3000.0,
    "has_campsite": true,
    "has_marina": false,
    "has_accommodation": true,
    "has_residential": true,
    "has_parking": true,
    "has_railway": false,
    "drive_time_min": 92.0,
    "drive_distance_km": 115.0,
    "drive_time_source": "demo",
    "air_distance_km": 88.5,
    "landcover_ref_distance_m": 1000,
    "landcover_ok": true,
    "shore_segment_p10_score": 72.0,
    "shore_segment_median_score": 78.0,
    "shore_segment_min_score": 41.0,
    "developed_shore_percent": 28.0,
    "natural_shore_percent": 68.0,
    "longest_developed_section_m": 200.0,
    "shore_segment_count": 40,
    "nodata_percent_1000m": 0.0,
    "valid_pixels_1000m": 40000,
    "building_data_ok": true,
    "osm_features_ok": true,
    "travel_ok": true,
    "shore_segments_ok": true,
    "quality_flags": [
     "landcover_stand_2021",
     "DEMO-DATEN"
    ],
    "wilderness_score": 0.0,
    "visual_seclusion_score": 6.0,
    "access_score": 50.6,
    "data_confidence_score": 95.0,
    "overall_spot_score": 12.5,
    "overall_coverage": 58.8,
    "score_base": 49.6,
    "score_penalties": 69.5,
    "score_breakdown": [
     {
      "kind": "component",
      "name": "shore_tree_cover",
      "metric": "shore_tree_cover",
      "value": 78.0,
      "unit": "%",
      "weight": 3.0,
      "sub_score": 0.691,
      "points": 14.3,
      "label": "Wald direkt am Ufer (0-100 m)"
     },
     {
      "kind": "component",
      "name": "tree_cover_500m",
      "metric": "tree_cover_500m",
      "value": 71.0,
      "unit": "%",
      "weight": 2.0,
      "sub_score": 0.683,
      "points": 9.42,
      "label": "Wald im 500-m-Ring"
     },
     {
      "kind": "component",
      "name": "tree_cover_1000m",
      "metric": "tree_cover_1000m",
      "value": 63.0,
      "unit": "%",
      "weight": 1.0,
      "sub_score": 0.633,
      "points": 4.37,
      "label": "Wald im 1000-m-Ring"
     },
     {
      "kind": "component",
      "name": "natural_land",
      "metric": "natural_land_percent",
      "value": 67.0,
      "unit": "%",
      "weight": 1.0,
      "sub_score": 0.354,
      "points": 2.44,
      "label": "Naturnahe Fläche gesamt (1000 m)"
     },
     {
      "kind": "component",
      "name": "distance_building",
      "metric": "distance_nearest_building_m",
      "value": 300.0,
      "unit": "m",
      "weight": 2.5,
      "sub_score": 0.143,
      "points": 2.47,
      "label": "Abstand zum nächsten Gebäude"
     },
     {
      "kind": "component",
      "name": "distance_major_road",
      "metric": "distance_major_road_m",
      "value": 380.0,
      "unit": "m",
      "weight": 1.5,
      "sub_score": 0.1,
      "points": 1.03,
      "label": "Abstand zur nächsten Hauptstraße"
     },
     {
      "kind": "component",
      "name": "distance_residential",
      "metric": "distance_residential_m",
      "value": 850.0,
      "unit": "m",
      "weight": 1.0,
      "sub_score": 0.204,
      "points": 1.41,
      "label": "Abstand zum nächsten Wohngebiet"
     },
     {
      "kind": "component",
      "name": "low_cropland",
      "metric": "cropland_percent",
      "value": 12.0,
      "unit": "%",
      "weight": 1.0,
      "sub_score": 0.737,
      "points": 5.08,
      "label": "Wenig Ackerland (1000 m)"
     },
     {
      "kind": "component",
      "name": "low_built_up",
      "metric": "built_up_percent",
      "value": 0.6,
      "unit": "%",
      "weight": 1.5,
      "sub_score": 0.88,
      "points": 9.1,
      "label": "Wenig Siedlungsfläche (1000 m)"
     },
     {
      "kind": "penalty",
      "name": "buildings_500m",
      "metric": "building_count_500m",
      "value": 4.0,
      "points": -12.0,
      "label": "Gebäude im 500-m-Ring"
     },
     {
      "kind": "penalty",
      "name": "campsite",
      "metric": "has_campsite",
      "value": true,
      "points": -20.0,
      "label": "Campingplatz in Reichweite"
     },
     {
      "kind": "penalty",
      "name": "accommodation",
      "metric": "has_accommodation",
      "value": true,
      "points": -10.0,
      "label": "Hotel / Pension / Hütte"
     },
     {
      "kind": "penalty",
      "name": "residential",
      "metric": "has_residential",
      "value": true,
      "points": -20.0,
      "label": "Wohngebiet in Reichweite"
     },
     {
      "kind": "penalty",
      "name": "parking",
      "metric": "has_parking",
      "value": true,
      "points": -6.0,
      "label": "Parkplatz in Reichweite"
     },
     {
      "kind": "penalty",
      "name": "cropland_excess",
      "metric": "cropland_percent",
      "value": 12.0,
      "points": -1.0,
      "label": "Ackerland über 10 %"
     },
     {
      "kind": "penalty",
      "name": "built_up_excess",
      "metric": "built_up_percent",
      "value": 0.6,
      "points": -0.5,
      "label": "Siedlungsfläche über 0.5 %"
     }
    ],
    "passes_filters": false,
    "filter_status": "FAIL",
    "filter_reasons": [
     "Gebäude im 250-m-Ring 2 > 0",
     "Gebäude im 500-m-Ring 4 > 2",
     "Wohngebiet in Reichweite: vorhanden",
     "Campingplatz in Reichweite: vorhanden",
     "Hotel / Pension / Hütte in Reichweite: vorhanden",
     "Bebauter Uferanteil 28 > 10"
    ],
    "confidence": "hoch",
    "buffers": {
     "100": {
      "type": "Polygon",
      "coordinates": [
       [
        [
         13.187422,
         53.29312
        ],
        [
         13.187321,
         53.294571
        ],
        [
         13.186372,
         53.295913
        ],
        [
         13.185026,
         53.297122
        ],
        [
         13.183264,
         53.298139
        ],
        [
         13.181013,
         53.298706
        ],
        [
         13.178602,
         53.298699
        ],
        [
         13.1764,
         53.298376
        ],
        [
         13.174352,
         53.298031
        ],
        [
         13.172333,
         53.297566
        ],
        [
         13.170685,
         53.296712
        ],
        [
         13.169841,
         53.295513
        ],
        [
         13.169564,
         53.294284
        ],
        [
         13.169174,
         53.29312
        ],
        [
         13.168567,
         53.291808
        ],
        [
         13.168462,
         53.290294
        ],
        [
         13.169475,
         53.288887
        ],
        [
         13.17143,
         53.287891
        ],
        [
         13.173783,
         53.287312
        ],
        [
         13.176246,
         53.287105
        ],
        [
         13.178629,
         53.287407
        ],
        [
         13.180546,
         53.288269
        ],
        [
         13.181828,
         53.289344
        ],
        [
         13.182963,
         53.29021
        ],
        [
         13.184542,
         53.290901
        ],
        [
         13.186331,
         53.291814
        ],
        [
         13.187422,
         53.29312
        ]
       ],
       [
        [
         13.184772,
         53.29312
        ],
        [
         13.18475,
         53.292047
        ],
        [
         13.184019,
         53.291065
        ],
        [
         13.182816,
         53.290288
        ],
        [
         13.181584,
         53.289556
        ],
        [
         13.180282,
         53.288684
        ],
        [
         13.178532,
         53.287883
        ],
        [
         13.176351,
         53.287622
        ],
        [
         13.174273,
         53.288084
        ],
        [
         13.172701,
         53.288992
        ],
        [
         13.171597,
         53.290011
        ],
        [
         13.17089,
         53.291056
        ],
        [
         13.170712,
         53.292125
        ],
        [
         13.171,
         53.29312
        ],
        [
         13.171287,
         53.294031
        ],
        [
         13.171299,
         53.295055
        ],
        [
         13.171474,
         53.296294
        ],
        [
         13.172466,
         53.297451
        ],
        [
         13.174307,
         53.298103
        ],
        [
         13.176438,
         53.298191
        ],
        [
         13.17846,
         53.298003
        ],
        [
         13.180369,
         53.297691
        ],
        [
         13.18209,
         53.297122
        ],
        [
         13.183318,
         53.296218
        ],
        [
         13.183981,
         53.295163
        ],
        [
         13.184406,
         53.294142
        ],
        [
         13.184772,
         53.29312
        ]
       ]
      ]
     },
     "500": {
      "type": "Polygon",
      "coordinates": [
       [
        [
         13.193826,
         53.29312
        ],
        [
         13.192815,
         53.295381
        ],
        [
         13.191521,
         53.297528
        ],
        [
         13.189679,
         53.299586
        ],
        [
         13.186645,
         53.301067
        ],
        [
         13.182754,
         53.301451
        ],
        [
         13.179071,
         53.301008
        ],
        [
         13.175954,
         53.300572
        ],
        [
         13.172798,
         53.30048
        ],
        [
         13.169253,
         53.300234
        ],
        [
         13.16582,
         53.299288
        ],
        [
         13.16301,
         53.297656
        ],
        [
         13.160819,
         53.295573
        ],
        [
         13.159489,
         53.29312
        ],
        [
         13.159933,
         53.290537
        ],
        [
         13.162602,
         53.288456
        ],
        [
         13.166478,
         53.2873
        ],
        [
         13.170027,
         53.286676
        ],
        [
         13.172884,
         53.285894
        ],
        [
         13.175809,
         53.28495
        ],
        [
         13.179223,
         53.284484
        ],
        [
         13.182719,
         53.284844
        ],
        [
         13.185985,
         53.285745
        ],
        [
         13.18918,
         53.286918
        ],
        [
         13.192085,
         53.288535
        ],
        [
         13.193797,
         53.290714
        ],
        [
         13.193826,
         53.29312
        ]
       ],
       [
        [
         13.185746,
         53.29312
        ],
        [
         13.186241,
         53.291827
        ],
        [
         13.185587,
         53.290573
        ],
        [
         13.184076,
         53.289621
        ],
        [
         13.182242,
         53.288986
        ],
        [
         13.180311,
         53.288639
        ],
        [
         13.17837,
         53.288682
        ],
        [
         13.176653,
         53.289108
        ],
        [
         13.175247,
         53.289618
        ],
        [
         13.173796,
         53.28994
        ],
        [
         13.171985,
         53.290216
        ],
        [
         13.170171,
         53.290831
        ],
        [
         13.169088,
         53.291885
        ],
        [
         13.16897,
         53.29312
        ],
        [
         13.16941,
         53.294307
        ],
        [
         13.170089,
         53.295435
        ],
        [
         13.171169,
         53.296455
        ],
        [
         13.172805,
         53.297158
        ],
        [
         13.174723,
         53.297446
        ],
        [
         13.176577,
         53.297507
        ],
        [
         13.17836,
         53.297511
        ],
        [
         13.180136,
         53.297324
        ],
        [
         13.181655,
         53.296745
        ],
        [
         13.182684,
         53.295882
        ],
        [
         13.183505,
         53.295014
        ],
        [
         13.184578,
         53.294167
        ],
        [
         13.185746,
         53.29312
        ]
       ]
      ]
     },
     "1000": {
      "type": "Polygon",
      "coordinates": [
       [
        [
         13.200151,
         53.29312
        ],
        [
         13.196765,
         53.295963
        ],
        [
         13.194106,
         53.298339
        ],
        [
         13.191967,
         53.300797
        ],
        [
         13.189093,
         53.303186
        ],
        [
         13.185078,
         53.305113
        ],
        [
         13.180217,
         53.30665
        ],
        [
         13.174475,
         53.307852
        ],
        [
         13.168015,
         53.308019
        ],
        [
         13.162226,
         53.306319
        ],
        [
         13.158733,
         53.303041
        ],
        [
         13.157389,
         53.299419
        ],
        [
         13.156576,
         53.296198
        ],
        [
         13.155663,
         53.29312
        ],
        [
         13.15585,
         53.289935
        ],
        [
         13.158153,
         53.287061
        ],
        [
         13.161852,
         53.284851
        ],
        [
         13.165739,
         53.282963
        ],
        [
         13.169816,
         53.281059
        ],
        [
         13.174724,
         53.279609
        ],
        [
         13.180277,
         53.279292
        ],
        [
         13.185793,
         53.28
        ],
        [
         13.191263,
         53.281174
        ],
        [
         13.196798,
         53.282884
        ],
        [
         13.201138,
         53.285694
        ],
        [
         13.202318,
         53.289459
        ],
        [
         13.200151,
         53.29312
        ]
       ],
       [
        [
         13.185316,
         53.29312
        ],
        [
         13.185771,
         53.291897
        ],
        [
         13.185328,
         53.290654
        ],
        [
         13.184027,
         53.289647
        ],
        [
         13.182307,
         53.28893
        ],
        [
         13.180419,
         53.28847
        ],
        [
         13.178429,
         53.288392
        ],
        [
         13.176594,
         53.288816
        ],
        [
         13.175186,
         53.289523
        ],
        [
         13.173989,
         53.290107
        ],
        [
         13.172486,
         53.290481
        ],
        [
         13.170663,
         53.290985
        ],
        [
         13.169202,
         53.291902
        ],
        [
         13.168687,
         53.29312
        ],
        [
         13.16902,
         53.294364
        ],
        [
         13.169829,
         53.295516
        ],
        [
         13.171058,
         53.296514
        ],
        [
         13.172786,
         53.297174
        ],
        [
         13.174768,
         53.297376
        ],
        [
         13.176616,
         53.297316
        ],
        [
         13.178315,
         53.297289
        ],
        [
         13.18009,
         53.297252
        ],
        [
         13.181824,
         53.296891
        ],
        [
         13.183096,
         53.2961
        ],
        [
         13.183849,
         53.295122
        ],
        [
         13.18452,
         53.294159
        ],
        [
         13.185316,
         53.29312
        ]
       ]
      ]
     }
    }
   }
  },
  {
   "type": "Feature",
   "geometry": {
    "type": "Polygon",
    "coordinates": [
     [
      [
       13.162761,
       53.216634
      ],
      [
       13.162984,
       53.217761
      ],
      [
       13.162642,
       53.218926
      ],
      [
       13.161856,
       53.220085
      ],
      [
       13.160832,
       53.22139
      ],
      [
       13.159234,
       53.222766
      ],
      [
       13.156761,
       53.223591
      ],
      [
       13.154007,
       53.223262
      ],
      [
       13.151962,
       53.221985
      ],
      [
       13.150799,
       53.220583
      ],
      [
       13.14985,
       53.219552
      ],
      [
       13.14876,
       53.218705
      ],
      [
       13.147905,
       53.217733
      ],
      [
       13.147546,
       53.216634
      ],
      [
       13.147371,
       53.215457
      ],
      [
       13.147249,
       53.214088
      ],
      [
       13.14776,
       53.212608
      ],
      [
       13.149421,
       53.21149
      ],
      [
       13.151834,
       53.211083
      ],
      [
       13.154231,
       53.211114
      ],
      [
       13.156469,
       53.211119
      ],
      [
       13.158809,
       53.211173
      ],
      [
       13.160963,
       53.211765
      ],
      [
       13.162201,
       53.213
      ],
      [
       13.162444,
       53.214405
      ],
      [
       13.162459,
       53.215585
      ],
      [
       13.162761,
       53.216634
      ]
     ]
    ]
   },
   "properties": {
    "name": "Demo 10 – Bootshaussee",
    "osm_type": "way",
    "osm_id": 900000009,
    "lake_uid": "w900000009",
    "latitude": 53.216634,
    "longitude": 13.15535,
    "area_ha": 113.1,
    "shore_tree_cover": 71.0,
    "tree_cover_100m": 71.0,
    "tree_cover_500m": 64.0,
    "tree_cover_1000m": 58.0,
    "natural_land_percent": 62.0,
    "built_up_percent": 1.1,
    "cropland_percent": 15.0,
    "building_count_100m": 2,
    "building_count_250m": 5,
    "building_count_500m": 8,
    "building_count_1000m": 34,
    "distance_nearest_building_m": 120.0,
    "distance_major_road_m": 260.0,
    "distance_residential_m": 600.0,
    "distance_campsite_m": 3000.0,
    "distance_marina_m": 600.0,
    "has_campsite": false,
    "has_marina": true,
    "has_accommodation": true,
    "has_residential": true,
    "has_parking": true,
    "has_railway": false,
    "drive_time_min": 97.0,
    "drive_distance_km": 121.2,
    "drive_time_source": "demo",
    "air_distance_km": 93.3,
    "landcover_ref_distance_m": 1000,
    "landcover_ok": true,
    "shore_segment_p10_score": 65.0,
    "shore_segment_median_score": 71.0,
    "shore_segment_min_score": 22.0,
    "developed_shore_percent": 16.0,
    "natural_shore_percent": 76.0,
    "longest_developed_section_m": 200.0,
    "shore_segment_count": 40,
    "nodata_percent_1000m": 0.0,
    "valid_pixels_1000m": 40000,
    "building_data_ok": true,
    "osm_features_ok": true,
    "travel_ok": true,
    "shore_segments_ok": true,
    "quality_flags": [
     "landcover_stand_2021",
     "DEMO-DATEN"
    ],
    "wilderness_score": 0.0,
    "visual_seclusion_score": 10.6,
    "access_score": 48.9,
    "data_confidence_score": 95.0,
    "overall_spot_score": 14.0,
    "overall_coverage": 58.8,
    "score_base": 39.0,
    "score_penalties": 95.5,
    "score_breakdown": [
     {
      "kind": "component",
      "name": "shore_tree_cover",
      "metric": "shore_tree_cover",
      "value": 71.0,
      "unit": "%",
      "weight": 3.0,
      "sub_score": 0.564,
      "points": 11.67,
      "label": "Wald direkt am Ufer (0-100 m)"
     },
     {
      "kind": "component",
      "name": "tree_cover_500m",
      "metric": "tree_cover_500m",
      "value": 64.0,
      "unit": "%",
      "weight": 2.0,
      "sub_score": 0.567,
      "points": 7.82,
      "label": "Wald im 500-m-Ring"
     },
     {
      "kind": "component",
      "name": "tree_cover_1000m",
      "metric": "tree_cover_1000m",
      "value": 58.0,
      "unit": "%",
      "weight": 1.0,
      "sub_score": 0.55,
      "points": 3.79,
      "label": "Wald im 1000-m-Ring"
     },
     {
      "kind": "component",
      "name": "natural_land",
      "metric": "natural_land_percent",
      "value": 62.0,
      "unit": "%",
      "weight": 1.0,
      "sub_score": 0.25,
      "points": 1.72,
      "label": "Naturnahe Fläche gesamt (1000 m)"
     },
     {
      "kind": "component",
      "name": "distance_building",
      "metric": "distance_nearest_building_m",
      "value": 120.0,
      "unit": "m",
      "weight": 2.5,
      "sub_score": 0.014,
      "points": 0.24,
      "label": "Abstand zum nächsten Gebäude"
     },
     {
      "kind": "component",
      "name": "distance_major_road",
      "metric": "distance_major_road_m",
      "value": 260.0,
      "unit": "m",
      "weight": 1.5,
      "sub_score": 0.033,
      "points": 0.34,
      "label": "Abstand zur nächsten Hauptstraße"
     },
     {
      "kind": "component",
      "name": "distance_residential",
      "metric": "distance_residential_m",
      "value": 600.0,
      "unit": "m",
      "weight": 1.0,
      "sub_score": 0.111,
      "points": 0.77,
      "label": "Abstand zum nächsten Wohngebiet"
     },
     {
      "kind": "component",
      "name": "low_cropland",
      "metric": "cropland_percent",
      "value": 15.0,
      "unit": "%",
      "weight": 1.0,
      "sub_score": 0.658,
      "points": 4.54,
      "label": "Wenig Ackerland (1000 m)"
     },
     {
      "kind": "component",
      "name": "low_built_up",
      "metric": "built_up_percent",
      "value": 1.1,
      "unit": "%",
      "weight": 1.5,
      "sub_score": 0.78,
      "points": 8.07,
      "label": "Wenig Siedlungsfläche (1000 m)"
     },
     {
      "kind": "penalty",
      "name": "buildings_500m",
      "metric": "building_count_500m",
      "value": 8.0,
      "points": -24.0,
      "label": "Gebäude im 500-m-Ring"
     },
     {
      "kind": "penalty",
      "name": "buildings_100m",
      "metric": "building_count_100m",
      "value": 2.0,
      "points": -12.0,
      "label": "Gebäude direkt am Ufer (100 m)"
     },
     {
      "kind": "penalty",
      "name": "marina",
      "metric": "has_marina",
      "value": true,
      "points": -18.0,
      "label": "Marina / Hafen / Slipanlage"
     },
     {
      "kind": "penalty",
      "name": "accommodation",
      "metric": "has_accommodation",
      "value": true,
      "points": -10.0,
      "label": "Hotel / Pension / Hütte"
     },
     {
      "kind": "penalty",
      "name": "residential",
      "metric": "has_residential",
      "value": true,
      "points": -20.0,
      "label": "Wohngebiet in Reichweite"
     },
     {
      "kind": "penalty",
      "name": "parking",
      "metric": "has_parking",
      "value": true,
      "points": -6.0,
      "label": "Parkplatz in Reichweite"
     },
     {
      "kind": "penalty",
      "name": "cropland_excess",
      "metric": "cropland_percent",
      "value": 15.0,
      "points": -2.5,
      "label": "Ackerland über 10 %"
     },
     {
      "kind": "penalty",
      "name": "built_up_excess",
      "metric": "built_up_percent",
      "value": 1.1,
      "points": -3.0,
      "label": "Siedlungsfläche über 0.5 %"
     }
    ],
    "passes_filters": false,
    "filter_status": "FAIL",
    "filter_reasons": [
     "Abstand nächstes Gebäude 120 < 300",
     "Gebäude im 100-m-Ring 2 > 0",
     "Gebäude im 250-m-Ring 5 > 0",
     "Gebäude im 500-m-Ring 8 > 2",
     "Wohngebiet in Reichweite: vorhanden",
     "Marina / Hafen / Slipanlage in Reichweite: vorhanden",
     "Hotel / Pension / Hütte in Reichweite: vorhanden",
     "Siedlungsanteil 1.1 > 1",
     "Abstand Hauptstraße 260 < 300",
     "Bebauter Uferanteil 16 > 10"
    ],
    "confidence": "hoch",
    "buffers": {
     "100": {
      "type": "Polygon",
      "coordinates": [
       [
        [
         13.166621,
         53.216634
        ],
        [
         13.165747,
         53.218169
        ],
        [
         13.164495,
         53.219508
        ],
        [
         13.163076,
         53.220733
        ],
        [
         13.161189,
         53.2217
        ],
        [
         13.158813,
         53.222101
        ],
        [
         13.156436,
         53.22199
        ],
        [
         13.154291,
         53.221859
        ],
        [
         13.151959,
         53.221989
        ],
        [
         13.149153,
         53.222011
        ],
        [
         13.146409,
         53.221378
        ],
        [
         13.144541,
         53.220031
        ],
        [
         13.143741,
         53.218348
        ],
        [
         13.143727,
         53.216634
        ],
        [
         13.144481,
         53.21503
        ],
        [
         13.146162,
         53.213747
        ],
        [
         13.148423,
         53.21296
        ],
        [
         13.150524,
         53.212448
        ],
        [
         13.152259,
         53.211753
        ],
        [
         13.154174,
         53.210834
        ],
        [
         13.156649,
         53.210228
        ],
        [
         13.159297,
         53.210403
        ],
        [
         13.161588,
         53.211223
        ],
        [
         13.163539,
         53.212291
        ],
        [
         13.165304,
         53.213506
        ],
        [
         13.166511,
         53.214987
        ],
        [
         13.166621,
         53.216634
        ]
       ],
       [
        [
         13.164195,
         53.216634
        ],
        [
         13.163635,
         53.215412
        ],
        [
         13.162934,
         53.214251
        ],
        [
         13.161767,
         53.21323
        ],
        [
         13.160032,
         53.212573
        ],
        [
         13.158126,
         53.212252
        ],
        [
         13.156308,
         53.211909
        ],
        [
         13.154285,
         53.21138
        ],
        [
         13.151806,
         53.211039
        ],
        [
         13.149305,
         53.21139
        ],
        [
         13.147485,
         53.212462
        ],
        [
         13.146533,
         53.213864
        ],
        [
         13.146194,
         53.215283
        ],
        [
         13.146406,
         53.216634
        ],
        [
         13.14731,
         53.217821
        ],
        [
         13.148668,
         53.218735
        ],
        [
         13.149909,
         53.219521
        ],
        [
         13.150904,
         53.220491
        ],
        [
         13.152191,
         53.221622
        ],
        [
         13.154176,
         53.222428
        ],
        [
         13.156542,
         53.22251
        ],
        [
         13.158752,
         53.222006
        ],
        [
         13.160716,
         53.22129
        ],
        [
         13.162538,
         53.220447
        ],
        [
         13.163933,
         53.219332
        ],
        [
         13.164459,
         53.217979
        ],
        [
         13.164195,
         53.216634
        ]
       ]
      ]
     },
     "500": {
      "type": "Polygon",
      "coordinates": [
       [
        [
         13.171725,
         53.216634
        ],
        [
         13.171104,
         53.218959
        ],
        [
         13.170156,
         53.221287
        ],
        [
         13.1679,
         53.223292
        ],
        [
         13.164349,
         53.224441
        ],
        [
         13.160547,
         53.224839
        ],
        [
         13.157073,
         53.225131
        ],
        [
         13.153544,
         53.225544
        ],
        [
         13.149673,
         53.225598
        ],
        [
         13.145856,
         53.224871
        ],
        [
         13.142405,
         53.223502
        ],
        [
         13.139188,
         53.221714
        ],
        [
         13.136571,
         53.219406
        ],
        [
         13.135845,
         53.216634
        ],
        [
         13.137816,
         53.214046
        ],
        [
         13.141471,
         53.212272
        ],
        [
         13.14496,
         53.211122
        ],
        [
         13.147627,
         53.209934
        ],
        [
         13.150247,
         53.208577
        ],
        [
         13.15351,
         53.207559
        ],
        [
         13.157264,
         53.207197
        ],
        [
         13.161254,
         53.207313
        ],
        [
         13.165472,
         53.207854
        ],
        [
         13.169393,
         53.209185
        ],
        [
         13.171843,
         53.211451
        ],
        [
         13.172317,
         53.21413
        ],
        [
         13.171725,
         53.216634
        ]
       ],
       [
        [
         13.166128,
         53.216634
        ],
        [
         13.164902,
         53.215225
        ],
        [
         13.163126,
         53.214191
        ],
        [
         13.161476,
         53.213385
        ],
        [
         13.159901,
         53.212687
        ],
        [
         13.158157,
         53.212203
        ],
        [
         13.156296,
         53.211973
        ],
        [
         13.154373,
         53.211816
        ],
        [
         13.15221,
         53.211676
        ],
        [
         13.149841,
         53.211855
        ],
        [
         13.147847,
         53.212654
        ],
        [
         13.146757,
         53.213934
        ],
        [
         13.146363,
         53.215308
        ],
        [
         13.14612,
         53.216634
        ],
        [
         13.146061,
         53.218005
        ],
        [
         13.146761,
         53.219334
        ],
        [
         13.148417,
         53.220313
        ],
        [
         13.150505,
         53.220838
        ],
        [
         13.152495,
         53.221143
        ],
        [
         13.154384,
         53.221402
        ],
        [
         13.156332,
         53.221474
        ],
        [
         13.15825,
         53.221212
        ],
        [
         13.16009,
         53.220746
        ],
        [
         13.162099,
         53.220215
        ],
        [
         13.164291,
         53.219444
        ],
        [
         13.165929,
         53.218196
        ],
        [
         13.166128,
         53.216634
        ]
       ]
      ]
     },
     "1000": {
      "type": "Polygon",
      "coordinates": [
       [
        [
         13.174977,
         53.216634
        ],
        [
         13.176056,
         53.21969
        ],
        [
         13.17614,
         53.223168
        ],
        [
         13.173677,
         53.226356
        ],
        [
         13.169223,
         53.228669
        ],
        [
         13.164053,
         53.230375
        ],
        [
         13.158418,
         53.231762
        ],
        [
         13.152177,
         53.232284
        ],
        [
         13.146082,
         53.231268
        ],
        [
         13.141109,
         53.228989
        ],
        [
         13.137159,
         53.226285
        ],
        [
         13.133766,
         53.223418
        ],
        [
         13.131685,
         53.220127
        ],
        [
         13.132227,
         53.216634
        ],
        [
         13.135027,
         53.213635
        ],
        [
         13.137994,
         53.21118
        ],
        [
         13.139969,
         53.208475
        ],
        [
         13.142146,
         53.20518
        ],
        [
         13.146189,
         53.20217
        ],
        [
         13.152084,
         53.200527
        ],
        [
         13.158647,
         53.200378
        ],
        [
         13.165055,
         53.201312
        ],
        [
         13.170691,
         53.203326
        ],
        [
         13.17437,
         53.206545
        ],
        [
         13.175348,
         53.21035
        ],
        [
         13.174841,
         53.213758
        ],
        [
         13.174977,
         53.216634
        ]
       ],
       [
        [
         13.16318,
         53.216634
        ],
        [
         13.163445,
         53.21544
        ],
        [
         13.163737,
         53.213999
        ],
        [
         13.163224,
         53.212458
        ],
        [
         13.161481,
         53.211316
        ],
        [
         13.158998,
         53.210875
        ],
        [
         13.156501,
         53.21096
        ],
        [
         13.154268,
         53.211298
        ],
        [
         13.152334,
         53.211871
        ],
        [
         13.150842,
         53.212723
        ],
        [
         13.149767,
         53.213673
        ],
        [
         13.14866,
         53.214532
        ],
        [
         13.147219,
         53.215434
        ],
        [
         13.145948,
         53.216634
        ],
        [
         13.145718,
         53.218056
        ],
        [
         13.146714,
         53.219349
        ],
        [
         13.148318,
         53.220365
        ],
        [
         13.150027,
         53.221252
        ],
        [
         13.151936,
         53.222026
        ],
        [
         13.154183,
         53.222393
        ],
        [
         13.15647,
         53.222156
        ],
        [
         13.158447,
         53.221524
        ],
        [
         13.160151,
         53.220799
        ],
        [
         13.161673,
         53.219989
        ],
        [
         13.162743,
         53.218958
        ],
        [
         13.163125,
         53.217782
        ],
        [
         13.16318,
         53.216634
        ]
       ]
      ]
     }
    }
   }
  },
  {
   "type": "Feature",
   "geometry": {
    "type": "Polygon",
    "coordinates": [
     [
      [
       13.347012,
       53.217883
      ],
      [
       13.346792,
       53.218746
      ],
      [
       13.34645,
       53.219614
      ],
      [
       13.345591,
       53.220348
      ],
      [
       13.344146,
       53.220661
      ],
      [
       13.342627,
       53.22054
      ],
      [
       13.34145,
       53.220381
      ],
      [
       13.340413,
       53.2205
      ],
      [
       13.339132,
       53.220744
      ],
      [
       13.337651,
       53.22074
      ],
      [
       13.336275,
       53.22036
      ],
      [
       13.335102,
       53.219719
      ],
      [
       13.334169,
       53.218883
      ],
      [
       13.333848,
       53.217883
      ],
      [
       13.334546,
       53.216939
      ],
      [
       13.336015,
       53.216334
      ],
      [
       13.337456,
       53.216033
      ],
      [
       13.338423,
       53.215696
      ],
      [
       13.339228,
       53.215174
      ],
      [
       13.340304,
       53.214727
      ],
      [
       13.341603,
       53.214633
      ],
      [
       13.342884,
       53.21482
      ],
      [
       13.344172,
       53.215083
      ],
      [
       13.345526,
       53.215452
      ],
      [
       13.346632,
       53.216096
      ],
      [
       13.347094,
       53.216976
      ],
      [
       13.347012,
       53.217883
      ]
     ]
    ]
   },
   "properties": {
    "name": "Demo 12 – Dorfsee",
    "osm_type": "way",
    "osm_id": 900000011,
    "lake_uid": "w900000011",
    "latitude": 53.217883,
    "longitude": 13.340944,
    "area_ha": 45.4,
    "shore_tree_cover": 44.0,
    "tree_cover_100m": 44.0,
    "tree_cover_500m": 36.0,
    "tree_cover_1000m": 30.0,
    "natural_land_percent": 34.0,
    "built_up_percent": 3.2,
    "cropland_percent": 28.0,
    "building_count_100m": 6,
    "building_count_250m": 15,
    "building_count_500m": 24,
    "building_count_1000m": 78,
    "distance_nearest_building_m": 40.0,
    "distance_major_road_m": 120.0,
    "distance_residential_m": 150.0,
    "distance_campsite_m": 3000.0,
    "distance_marina_m": 3000.0,
    "has_campsite": false,
    "has_marina": false,
    "has_accommodation": false,
    "has_residential": true,
    "has_parking": true,
    "has_railway": false,
    "drive_time_min": 76.0,
    "drive_distance_km": 95.0,
    "drive_time_source": "demo",
    "air_distance_km": 73.1,
    "landcover_ref_distance_m": 1000,
    "landcover_ok": true,
    "shore_segment_p10_score": 38.0,
    "shore_segment_median_score": 44.0,
    "shore_segment_min_score": 2.0,
    "developed_shore_percent": 48.0,
    "natural_shore_percent": 28.0,
    "longest_developed_section_m": 600.0,
    "shore_segment_count": 40,
    "nodata_percent_1000m": 0.0,
    "valid_pixels_1000m": 40000,
    "building_data_ok": true,
    "osm_features_ok": true,
    "travel_ok": true,
    "shore_segments_ok": true,
    "quality_flags": [
     "landcover_stand_2021",
     "DEMO-DATEN"
    ],
    "wilderness_score": 0.0,
    "visual_seclusion_score": 0.0,
    "access_score": 55.9,
    "data_confidence_score": 95.0,
    "overall_spot_score": 11.2,
    "overall_coverage": 58.8,
    "score_base": 9.4,
    "score_penalties": 103.5,
    "score_breakdown": [
     {
      "kind": "component",
      "name": "shore_tree_cover",
      "metric": "shore_tree_cover",
      "value": 44.0,
      "unit": "%",
      "weight": 3.0,
      "sub_score": 0.073,
      "points": 1.51,
      "label": "Wald direkt am Ufer (0-100 m)"
     },
     {
      "kind": "component",
      "name": "tree_cover_500m",
      "metric": "tree_cover_500m",
      "value": 36.0,
      "unit": "%",
      "weight": 2.0,
      "sub_score": 0.1,
      "points": 1.38,
      "label": "Wald im 500-m-Ring"
     },
     {
      "kind": "component",
      "name": "tree_cover_1000m",
      "metric": "tree_cover_1000m",
      "value": 30.0,
      "unit": "%",
      "weight": 1.0,
      "sub_score": 0.083,
      "points": 0.57,
      "label": "Wald im 1000-m-Ring"
     },
     {
      "kind": "component",
      "name": "natural_land",
      "metric": "natural_land_percent",
      "value": 34.0,
      "unit": "%",
      "weight": 1.0,
      "sub_score": 0.0,
      "points": 0.0,
      "label": "Naturnahe Fläche gesamt (1000 m)"
     },
     {
      "kind": "component",
      "name": "distance_building",
      "metric": "distance_nearest_building_m",
      "value": 40.0,
      "unit": "m",
      "weight": 2.5,
      "sub_score": 0.0,
      "points": 0.0,
      "label": "Abstand zum nächsten Gebäude"
     },
     {
      "kind": "component",
      "name": "distance_major_road",
      "metric": "distance_major_road_m",
      "value": 120.0,
      "unit": "m",
      "weight": 1.5,
      "sub_score": 0.0,
      "points": 0.0,
      "label": "Abstand zur nächsten Hauptstraße"
     },
     {
      "kind": "component",
      "name": "distance_residential",
      "metric": "distance_residential_m",
      "value": 150.0,
      "unit": "m",
      "weight": 1.0,
      "sub_score": 0.0,
      "points": 0.0,
      "label": "Abstand zum nächsten Wohngebiet"
     },
     {
      "kind": "component",
      "name": "low_cropland",
      "metric": "cropland_percent",
      "value": 28.0,
      "unit": "%",
      "weight": 1.0,
      "sub_score": 0.316,
      "points": 2.18,
      "label": "Wenig Ackerland (1000 m)"
     },
     {
      "kind": "component",
      "name": "low_built_up",
      "metric": "built_up_percent",
      "value": 3.2,
      "unit": "%",
      "weight": 1.5,
      "sub_score": 0.36,
      "points": 3.72,
      "label": "Wenig Siedlungsfläche (1000 m)"
     },
     {
      "kind": "penalty",
      "name": "buildings_500m",
      "metric": "building_count_500m",
      "value": 24.0,
      "points": -25.0,
      "label": "Gebäude im 500-m-Ring"
     },
     {
      "kind": "penalty",
      "name": "buildings_100m",
      "metric": "building_count_100m",
      "value": 6.0,
      "points": -30.0,
      "label": "Gebäude direkt am Ufer (100 m)"
     },
     {
      "kind": "penalty",
      "name": "residential",
      "metric": "has_residential",
      "value": true,
      "points": -20.0,
      "label": "Wohngebiet in Reichweite"
     },
     {
      "kind": "penalty",
      "name": "parking",
      "metric": "has_parking",
      "value": true,
      "points": -6.0,
      "label": "Parkplatz in Reichweite"
     },
     {
      "kind": "penalty",
      "name": "cropland_excess",
      "metric": "cropland_percent",
      "value": 28.0,
      "points": -9.0,
      "label": "Ackerland über 10 %"
     },
     {
      "kind": "penalty",
      "name": "built_up_excess",
      "metric": "built_up_percent",
      "value": 3.2,
      "points": -13.5,
      "label": "Siedlungsfläche über 0.5 %"
     }
    ],
    "passes_filters": false,
    "filter_status": "FAIL",
    "filter_reasons": [
     "Abstand nächstes Gebäude 40 < 300",
     "Gebäude im 100-m-Ring 6 > 0",
     "Gebäude im 250-m-Ring 15 > 0",
     "Gebäude im 500-m-Ring 24 > 2",
     "Wohngebiet in Reichweite: vorhanden",
     "Wald im 500-m-Ring 36 < 60",
     "Wald am Ufer 44 < 70",
     "Siedlungsanteil 3.2 > 1",
     "Ackeranteil 28 > 15",
     "Abstand Hauptstraße 120 < 300",
     "Bebauter Uferanteil 48 > 10",
     "Schlechtestes Uferzehntel (P10) 38 < 45"
    ],
    "confidence": "hoch",
    "buffers": {
     "100": {
      "type": "Polygon",
      "coordinates": [
       [
        [
         13.348272,
         53.217883
        ],
        [
         13.347681,
         53.218878
        ],
        [
         13.346977,
         53.219779
        ],
        [
         13.346051,
         53.220593
        ],
        [
         13.344725,
         53.221163
        ],
        [
         13.343184,
         53.221419
        ],
        [
         13.341695,
         53.221587
        ],
        [
         13.340129,
         53.221902
        ],
        [
         13.338209,
         53.222201
        ],
        [
         13.33614,
         53.222051
        ],
        [
         13.334539,
         53.221281
        ],
        [
         13.333737,
         53.220148
        ],
        [
         13.333534,
         53.218977
        ],
        [
         13.333711,
         53.217883
        ],
        [
         13.334337,
         53.216908
        ],
        [
         13.335399,
         53.216141
        ],
        [
         13.336535,
         53.215545
        ],
        [
         13.337489,
         53.214887
        ],
        [
         13.338523,
         53.214061
        ],
        [
         13.340027,
         53.213362
        ],
        [
         13.341896,
         53.213188
        ],
        [
         13.343679,
         53.213565
        ],
        [
         13.345203,
         53.214188
        ],
        [
         13.346613,
         53.214876
        ],
        [
         13.347824,
         53.215721
        ],
        [
         13.348431,
         53.216778
        ],
        [
         13.348272,
         53.217883
        ]
       ],
       [
        [
         13.346763,
         53.217883
        ],
        [
         13.346755,
         53.217026
        ],
        [
         13.346473,
         53.216146
        ],
        [
         13.345588,
         53.21542
        ],
        [
         13.344219,
         53.215042
        ],
        [
         13.3428,
         53.214953
        ],
        [
         13.341542,
         53.214932
        ],
        [
         13.340342,
         53.214915
        ],
        [
         13.339134,
         53.215026
        ],
        [
         13.337989,
         53.21532
        ],
        [
         13.336859,
         53.215716
        ],
        [
         13.335615,
         53.216209
        ],
        [
         13.334466,
         53.216927
        ],
        [
         13.333993,
         53.217883
        ],
        [
         13.334527,
         53.21883
        ],
        [
         13.335719,
         53.219525
        ],
        [
         13.336961,
         53.219996
        ],
        [
         13.338039,
         53.220403
        ],
        [
         13.339129,
         53.220749
        ],
        [
         13.340329,
         53.220915
        ],
        [
         13.341557,
         53.220909
        ],
        [
         13.342824,
         53.220851
        ],
        [
         13.344212,
         53.220718
        ],
        [
         13.345547,
         53.220325
        ],
        [
         13.346428,
         53.219607
        ],
        [
         13.346731,
         53.218737
        ],
        [
         13.346763,
         53.217883
        ]
       ]
      ]
     },
     "500": {
      "type": "Polygon",
      "coordinates": [
       [
        [
         13.354017,
         53.217883
        ],
        [
         13.353113,
         53.219679
        ],
        [
         13.352211,
         53.221424
        ],
        [
         13.350714,
         53.223066
        ],
        [
         13.34819,
         53.224169
        ],
        [
         13.345163,
         53.224545
        ],
        [
         13.342316,
         53.224648
        ],
        [
         13.339507,
         53.224967
        ],
        [
         13.336254,
         53.225288
        ],
        [
         13.332772,
         53.224972
        ],
        [
         13.329823,
         53.223782
        ],
        [
         13.327758,
         53.222027
        ],
        [
         13.326491,
         53.220016
        ],
        [
         13.326276,
         53.217883
        ],
        [
         13.327624,
         53.215917
        ],
        [
         13.330253,
         53.214524
        ],
        [
         13.332965,
         53.213651
        ],
        [
         13.334986,
         53.212715
        ],
        [
         13.33683,
         53.211389
        ],
        [
         13.339372,
         53.210133
        ],
        [
         13.342617,
         53.209634
        ],
        [
         13.345938,
         53.209998
        ],
        [
         13.349029,
         53.21087
        ],
        [
         13.351843,
         53.212102
        ],
        [
         13.353904,
         53.21381
        ],
        [
         13.354573,
         53.215872
        ],
        [
         13.354017,
         53.217883
        ]
       ],
       [
        [
         13.347256,
         53.217883
        ],
        [
         13.347104,
         53.216974
        ],
        [
         13.346364,
         53.21618
        ],
        [
         13.345182,
         53.215635
        ],
        [
         13.343951,
         53.215275
        ],
        [
         13.342816,
         53.214927
        ],
        [
         13.341607,
         53.214613
        ],
        [
         13.340271,
         53.214566
        ],
        [
         13.339045,
         53.214885
        ],
        [
         13.338054,
         53.215377
        ],
        [
         13.337082,
         53.215835
        ],
        [
         13.335964,
         53.216318
        ],
        [
         13.334975,
         53.217002
        ],
        [
         13.334541,
         53.217883
        ],
        [
         13.334731,
         53.2188
        ],
        [
         13.335328,
         53.219648
        ],
        [
         13.336244,
         53.220376
        ],
        [
         13.337534,
         53.220841
        ],
        [
         13.339031,
         53.220903
        ],
        [
         13.340375,
         53.220687
        ],
        [
         13.341481,
         53.22053
        ],
        [
         13.342649,
         53.220576
        ],
        [
         13.344063,
         53.220589
        ],
        [
         13.34545,
         53.220273
        ],
        [
         13.34644,
         53.219611
        ],
        [
         13.347001,
         53.218777
        ],
        [
         13.347256,
         53.217883
        ]
       ]
      ]
     },
     "1000": {
      "type": "Polygon",
      "coordinates": [
       [
        [
         13.365078,
         53.217883
        ],
        [
         13.365309,
         53.221479
        ],
        [
         13.362138,
         53.224544
        ],
        [
         13.357252,
         53.226534
        ],
        [
         13.352348,
         53.227776
        ],
        [
         13.347724,
         53.228587
        ],
        [
         13.343154,
         53.228783
        ],
        [
         13.338826,
         53.228329
        ],
        [
         13.3347,
         53.227742
        ],
        [
         13.330085,
         53.227303
        ],
        [
         13.324894,
         53.226397
        ],
        [
         13.320591,
         53.224279
        ],
        [
         13.318761,
         53.221157
        ],
        [
         13.319154,
         53.217883
        ],
        [
         13.320288,
         53.214835
        ],
        [
         13.321693,
         53.211833
        ],
        [
         13.324312,
         53.209061
        ],
        [
         13.328637,
         53.207207
        ],
        [
         13.333753,
         53.206529
        ],
        [
         13.338632,
         53.206483
        ],
        [
         13.343228,
         53.206617
        ],
        [
         13.347697,
         53.207221
        ],
        [
         13.351598,
         53.208641
        ],
        [
         13.354757,
         53.210556
        ],
        [
         13.358019,
         53.212517
        ],
        [
         13.361914,
         53.214788
        ],
        [
         13.365078,
         53.217883
        ]
       ],
       [
        [
         13.346152,
         53.217883
        ],
        [
         13.346357,
         53.217084
        ],
        [
         13.346105,
         53.216261
        ],
        [
         13.345428,
         53.215505
        ],
        [
         13.344495,
         53.214803
        ],
        [
         13.343283,
         53.21419
        ],
        [
         13.341752,
         53.2139
        ],
        [
         13.340187,
         53.214153
        ],
        [
         13.339004,
         53.214821
        ],
        [
         13.33822,
         53.215521
        ],
        [
         13.337475,
         53.216043
        ],
        [
         13.336597,
         53.216517
        ],
        [
         13.335827,
         53.217128
        ],
        [
         13.335418,
         53.217883
        ],
        [
         13.335322,
         53.218713
        ],
        [
         13.335475,
         53.219602
        ],
        [
         13.336066,
         53.220471
        ],
        [
         13.337249,
         53.221088
        ],
        [
         13.338782,
         53.221297
        ],
        [
         13.340265,
         53.221233
        ],
        [
         13.341605,
         53.221146
        ],
        [
         13.342944,
         53.221041
        ],
        [
         13.344198,
         53.220706
        ],
        [
         13.345062,
         53.220068
        ],
        [
         13.345486,
         53.219311
        ],
        [
         13.345785,
         53.218598
        ],
        [
         13.346152,
         53.217883
        ]
       ]
      ]
     }
    }
   }
  },
  {
   "type": "Feature",
   "geometry": {
    "type": "Polygon",
    "coordinates": [
     [
      [
       13.486144,
       53.193179
      ],
      [
       13.485383,
       53.194775
      ],
      [
       13.484553,
       53.196316
      ],
      [
       13.483299,
       53.197809
      ],
      [
       13.481126,
       53.198864
      ],
      [
       13.47839,
       53.199202
      ],
      [
       13.475778,
       53.199107
      ],
      [
       13.473405,
       53.198963
      ],
      [
       13.471116,
       53.198647
      ],
      [
       13.469224,
       53.197826
      ],
      [
       13.468056,
       53.196641
      ],
      [
       13.467056,
       53.195544
      ],
      [
       13.465324,
       53.194546
      ],
      [
       13.463123,
       53.193179
      ],
      [
       13.461956,
       53.191316
      ],
      [
       13.462843,
       53.18949
      ],
      [
       13.46526,
       53.188234
      ],
      [
       13.468078,
       53.187539
      ],
      [
       13.470806,
       53.187223
      ],
      [
       13.473402,
       53.187383
      ],
      [
       13.475615,
       53.18806
      ],
      [
       13.477343,
       53.18881
      ],
      [
       13.479208,
       53.18916
      ],
      [
       13.481808,
       53.189342
      ],
      [
       13.484561,
       53.19004
      ],
      [
       13.486148,
       53.191471
      ],
      [
       13.486144,
       53.193179
      ]
     ]
    ]
   },
   "properties": {
    "name": "Demo 13 – Badeanstaltsee",
    "osm_type": "way",
    "osm_id": 900000012,
    "lake_uid": "w900000012",
    "latitude": 53.193179,
    "longitude": 13.474577,
    "area_ha": 153.9,
    "shore_tree_cover": 62.0,
    "tree_cover_100m": 62.0,
    "tree_cover_500m": 55.0,
    "tree_cover_1000m": 47.0,
    "natural_land_percent": 51.0,
    "built_up_percent": 2.1,
    "cropland_percent": 18.0,
    "building_count_100m": 3,
    "building_count_250m": 10,
    "building_count_500m": 17,
    "building_count_1000m": 55,
    "distance_nearest_building_m": 70.0,
    "distance_major_road_m": 180.0,
    "distance_residential_m": 320.0,
    "distance_campsite_m": 800.0,
    "distance_marina_m": 600.0,
    "has_campsite": true,
    "has_marina": true,
    "has_accommodation": true,
    "has_residential": true,
    "has_parking": true,
    "has_railway": false,
    "drive_time_min": 81.0,
    "drive_distance_km": 101.2,
    "drive_time_source": "demo",
    "air_distance_km": 77.9,
    "landcover_ref_distance_m": 1000,
    "landcover_ok": true,
    "shore_segment_p10_score": 56.0,
    "shore_segment_median_score": 62.0,
    "shore_segment_min_score": 2.0,
    "developed_shore_percent": 54.0,
    "natural_shore_percent": 29.0,
    "longest_developed_section_m": 525.0,
    "shore_segment_count": 40,
    "nodata_percent_1000m": 0.0,
    "valid_pixels_1000m": 40000,
    "building_data_ok": true,
    "osm_features_ok": true,
    "travel_ok": true,
    "shore_segments_ok": true,
    "quality_flags": [
     "landcover_stand_2021",
     "DEMO-DATEN"
    ],
    "wilderness_score": 0.0,
    "visual_seclusion_score": 0.0,
    "access_score": 54.2,
    "data_confidence_score": 95.0,
    "overall_spot_score": 10.8,
    "overall_coverage": 58.8,
    "score_base": 26.7,
    "score_penalties": 129.0,
    "score_breakdown": [
     {
      "kind": "component",
      "name": "shore_tree_cover",
      "metric": "shore_tree_cover",
      "value": 62.0,
      "unit": "%",
      "weight": 3.0,
      "sub_score": 0.4,
      "points": 8.28,
      "label": "Wald direkt am Ufer (0-100 m)"
     },
     {
      "kind": "component",
      "name": "tree_cover_500m",
      "metric": "tree_cover_500m",
      "value": 55.0,
      "unit": "%",
      "weight": 2.0,
      "sub_score": 0.417,
      "points": 5.75,
      "label": "Wald im 500-m-Ring"
     },
     {
      "kind": "component",
      "name": "tree_cover_1000m",
      "metric": "tree_cover_1000m",
      "value": 47.0,
      "unit": "%",
      "weight": 1.0,
      "sub_score": 0.367,
      "points": 2.53,
      "label": "Wald im 1000-m-Ring"
     },
     {
      "kind": "component",
      "name": "natural_land",
      "metric": "natural_land_percent",
      "value": 51.0,
      "unit": "%",
      "weight": 1.0,
      "sub_score": 0.021,
      "points": 0.14,
      "label": "Naturnahe Fläche gesamt (1000 m)"
     },
     {
      "kind": "component",
      "name": "distance_building",
      "metric": "distance_nearest_building_m",
      "value": 70.0,
      "unit": "m",
      "weight": 2.5,
      "sub_score": 0.0,
      "points": 0.0,
      "label": "Abstand zum nächsten Gebäude"
     },
     {
      "kind": "component",
      "name": "distance_major_road",
      "metric": "distance_major_road_m",
      "value": 180.0,
      "unit": "m",
      "weight": 1.5,
      "sub_score": 0.0,
      "points": 0.0,
      "label": "Abstand zur nächsten Hauptstraße"
     },
     {
      "kind": "component",
      "name": "distance_residential",
      "metric": "distance_residential_m",
      "value": 320.0,
      "unit": "m",
      "weight": 1.0,
      "sub_score": 0.007,
      "points": 0.05,
      "label": "Abstand zum nächsten Wohngebiet"
     },
     {
      "kind": "component",
      "name": "low_cropland",
      "metric": "cropland_percent",
      "value": 18.0,
      "unit": "%",
      "weight": 1.0,
      "sub_score": 0.579,
      "points": 3.99,
      "label": "Wenig Ackerland (1000 m)"
     },
     {
      "kind": "component",
      "name": "low_built_up",
      "metric": "built_up_percent",
      "value": 2.1,
      "unit": "%",
      "weight": 1.5,
      "sub_score": 0.58,
      "points": 6.0,
      "label": "Wenig Siedlungsfläche (1000 m)"
     },
     {
      "kind": "penalty",
      "name": "buildings_500m",
      "metric": "building_count_500m",
      "value": 17.0,
      "points": -25.0,
      "label": "Gebäude im 500-m-Ring"
     },
     {
      "kind": "penalty",
      "name": "buildings_100m",
      "metric": "building_count_100m",
      "value": 3.0,
      "points": -18.0,
      "label": "Gebäude direkt am Ufer (100 m)"
     },
     {
      "kind": "penalty",
      "name": "campsite",
      "metric": "has_campsite",
      "value": true,
      "points": -20.0,
      "label": "Campingplatz in Reichweite"
     },
     {
      "kind": "penalty",
      "name": "marina",
      "metric": "has_marina",
      "value": true,
      "points": -18.0,
      "label": "Marina / Hafen / Slipanlage"
     },
     {
      "kind": "penalty",
      "name": "accommodation",
      "metric": "has_accommodation",
      "value": true,
      "points": -10.0,
      "label": "Hotel / Pension / Hütte"
     },
     {
      "kind": "penalty",
      "name": "residential",
      "metric": "has_residential",
      "value": true,
      "points": -20.0,
      "label": "Wohngebiet in Reichweite"
     },
     {
      "kind": "penalty",
      "name": "parking",
      "metric": "has_parking",
      "value": true,
      "points": -6.0,
      "label": "Parkplatz in Reichweite"
     },
     {
      "kind": "penalty",
      "name": "cropland_excess",
      "metric": "cropland_percent",
      "value": 18.0,
      "points": -4.0,
      "label": "Ackerland über 10 %"
     },
     {
      "kind": "penalty",
      "name": "built_up_excess",
      "metric": "built_up_percent",
      "value": 2.1,
      "points": -8.0,
      "label": "Siedlungsfläche über 0.5 %"
     }
    ],
    "passes_filters": false,
    "filter_status": "FAIL",
    "filter_reasons": [
     "Abstand nächstes Gebäude 70 < 300",
     "Gebäude im 100-m-Ring 3 > 0",
     "Gebäude im 250-m-Ring 10 > 0",
     "Gebäude im 500-m-Ring 17 > 2",
     "Wohngebiet in Reichweite: vorhanden",
     "Campingplatz in Reichweite: vorhanden",
     "Marina / Hafen / Slipanlage in Reichweite: vorhanden",
     "Hotel / Pension / Hütte in Reichweite: vorhanden",
     "Wald im 500-m-Ring 55 < 60",
     "Wald am Ufer 62 < 70",
     "Siedlungsanteil 2.1 > 1",
     "Ackeranteil 18 > 15",
     "Abstand Hauptstraße 180 < 300",
     "Bebauter Uferanteil 54 > 10"
    ],
    "confidence": "hoch",
    "buffers": {
     "100": {
      "type": "Polygon",
      "coordinates": [
       [
        [
         13.485193,
         53.193179
        ],
        [
         13.485323,
         53.194766
        ],
        [
         13.485202,
         53.19652
        ],
        [
         13.48409,
         53.198229
        ],
        [
         13.481788,
         53.199438
        ],
        [
         13.478932,
         53.200059
        ],
        [
         13.476054,
         53.200466
        ],
        [
         13.473028,
         53.200824
        ],
        [
         13.469807,
         53.200715
        ],
        [
         13.467049,
         53.199714
        ],
        [
         13.465425,
         53.198037
        ],
        [
         13.464734,
         53.196275
        ],
        [
         13.464317,
         53.194695
        ],
        [
         13.464064,
         53.193179
        ],
        [
         13.464344,
         53.191668
        ],
        [
         13.465164,
         53.19022
        ],
        [
         13.466153,
         53.188708
        ],
        [
         13.467413,
         53.186961
        ],
        [
         13.46959,
         53.185301
        ],
        [
         13.472818,
         53.1845
        ],
        [
         13.476245,
         53.18495
        ],
        [
         13.478998,
         53.186196
        ],
        [
         13.481082,
         53.187533
        ],
        [
         13.482885,
         53.18877
        ],
        [
         13.484303,
         53.190121
        ],
        [
         13.485006,
         53.191639
        ],
        [
         13.485193,
         53.193179
        ]
       ],
       [
        [
         13.485318,
         53.193179
        ],
        [
         13.484077,
         53.191777
        ],
        [
         13.482462,
         53.1907
        ],
        [
         13.481164,
         53.189683
        ],
        [
         13.479942,
         53.188523
        ],
        [
         13.478213,
         53.187435
        ],
        [
         13.475883,
         53.186735
        ],
        [
         13.473211,
         53.186438
        ],
        [
         13.470333,
         53.186475
        ],
        [
         13.467503,
         53.187039
        ],
        [
         13.465464,
         53.188343
        ],
        [
         13.464865,
         53.190126
        ],
        [
         13.465346,
         53.191816
        ],
        [
         13.465849,
         53.193179
        ],
        [
         13.46591,
         53.194459
        ],
        [
         13.466103,
         53.195844
        ],
        [
         13.46708,
         53.197159
        ],
        [
         13.468777,
         53.198214
        ],
        [
         13.470838,
         53.199087
        ],
        [
         13.473233,
         53.199813
        ],
        [
         13.475977,
         53.200087
        ],
        [
         13.478652,
         53.199617
        ],
        [
         13.4808,
         53.198581
        ],
        [
         13.482531,
         53.197401
        ],
        [
         13.484149,
         53.196189
        ],
        [
         13.485325,
         53.194767
        ],
        [
         13.485318,
         53.193179
        ]
       ]
      ]
     },
     "500": {
      "type": "Polygon",
      "coordinates": [
       [
        [
         13.494206,
         53.193179
        ],
        [
         13.494559,
         53.19613
        ],
        [
         13.493227,
         53.199044
        ],
        [
         13.48973,
         53.201222
        ],
        [
         13.484949,
         53.202182
        ],
        [
         13.480396,
         53.202373
        ],
        [
         13.476495,
         53.202644
        ],
        [
         13.472573,
         53.203066
        ],
        [
         13.468432,
         53.202887
        ],
        [
         13.464795,
         53.20167
        ],
        [
         13.462029,
         53.19984
        ],
        [
         13.459568,
         53.197899
        ],
        [
         13.457131,
         53.195756
        ],
        [
         13.455574,
         53.193179
        ],
        [
         13.455804,
         53.190407
        ],
        [
         13.457546,
         53.187824
        ],
        [
         13.460021,
         53.185454
        ],
        [
         13.463229,
         53.183329
        ],
        [
         13.467536,
         53.182057
        ],
        [
         13.472369,
         53.182284
        ],
        [
         13.476503,
         53.183678
        ],
        [
         13.479688,
         53.185106
        ],
        [
         13.482891,
         53.185963
        ],
        [
         13.486668,
         53.186762
        ],
        [
         13.490277,
         53.188243
        ],
        [
         13.492807,
         53.190488
        ],
        [
         13.494206,
         53.193179
        ]
       ],
       [
        [
         13.486598,
         53.193179
        ],
        [
         13.486876,
         53.191363
        ],
        [
         13.485404,
         53.189775
        ],
        [
         13.482862,
         53.188782
        ],
        [
         13.480306,
         53.188207
        ],
        [
         13.478044,
         53.187702
        ],
        [
         13.475765,
         53.187316
        ],
        [
         13.473396,
         53.187354
        ],
        [
         13.471192,
         53.187832
        ],
        [
         13.469155,
         53.188473
        ],
        [
         13.467064,
         53.189192
        ],
        [
         13.465139,
         53.190212
        ],
        [
         13.464011,
         53.191619
        ],
        [
         13.463864,
         53.193179
        ],
        [
         13.464176,
         53.194715
        ],
        [
         13.464615,
         53.196312
        ],
        [
         13.465641,
         53.197922
        ],
        [
         13.467767,
         53.199091
        ],
        [
         13.470635,
         53.199406
        ],
        [
         13.473387,
         53.199053
        ],
        [
         13.47567,
         53.198573
        ],
        [
         13.477746,
         53.198185
        ],
        [
         13.479762,
         53.19768
        ],
        [
         13.481582,
         53.196898
        ],
        [
         13.483277,
         53.195915
        ],
        [
         13.48507,
         53.194729
        ],
        [
         13.486598,
         53.193179
        ]
       ]
      ]
     },
     "1000": {
      "type": "Polygon",
      "coordinates": [
       [
        [
         13.500569,
         53.193179
        ],
        [
         13.500273,
         53.196974
        ],
        [
         13.497693,
         53.200448
        ],
        [
         13.494235,
         53.203613
        ],
        [
         13.490283,
         53.206811
        ],
        [
         13.484909,
         53.209502
        ],
        [
         13.478058,
         53.210354
        ],
        [
         13.471392,
         53.208894
        ],
        [
         13.466297,
         53.20626
        ],
        [
         13.462309,
         53.203828
        ],
        [
         13.458417,
         53.201757
        ],
        [
         13.45479,
         53.199401
        ],
        [
         13.452091,
         53.1965
        ],
        [
         13.450088,
         53.193179
        ],
        [
         13.448453,
         53.189322
        ],
        [
         13.44836,
         53.184936
        ],
        [
         13.451591,
         53.180979
        ],
        [
         13.457984,
         53.178777
        ],
        [
         13.465266,
         53.17847
        ],
        [
         13.471679,
         53.178878
        ],
        [
         13.47742,
         53.179154
        ],
        [
         13.483073,
         53.179758
        ],
        [
         13.48813,
         53.181416
        ],
        [
         13.492,
         53.183932
        ],
        [
         13.495236,
         53.186683
        ],
        [
         13.498409,
         53.18966
        ],
        [
         13.500569,
         53.193179
        ]
       ],
       [
        [
         13.485874,
         53.193179
        ],
        [
         13.484353,
         53.191736
        ],
        [
         13.48298,
         53.190537
        ],
        [
         13.48179,
         53.189351
        ],
        [
         13.480208,
         53.188292
        ],
        [
         13.478072,
         53.187659
        ],
        [
         13.475742,
         53.187433
        ],
        [
         13.473393,
         53.187335
        ],
        [
         13.470887,
         53.187349
        ],
        [
         13.46837,
         53.187791
        ],
        [
         13.466333,
         53.188804
        ],
        [
         13.464924,
         53.190144
        ],
        [
         13.463792,
         53.191587
        ],
        [
         13.462912,
         53.193179
        ],
        [
         13.462986,
         53.194891
        ],
        [
         13.464545,
         53.196334
        ],
        [
         13.467067,
         53.197166
        ],
        [
         13.469514,
         53.197574
        ],
        [
         13.47152,
         53.198009
        ],
        [
         13.473487,
         53.198556
        ],
        [
         13.475738,
         53.198905
        ],
        [
         13.478176,
         53.198865
        ],
        [
         13.480731,
         53.198521
        ],
        [
         13.483389,
         53.197857
        ],
        [
         13.485646,
         53.19666
        ],
        [
         13.486576,
         53.194951
        ],
        [
         13.485874,
         53.193179
        ]
       ]
      ]
     }
    }
   }
  },
  {
   "type": "Feature",
   "geometry": {
    "type": "Polygon",
    "coordinates": [
     [
      [
       13.427662,
       53.29312
      ],
      [
       13.427625,
       53.29387
      ],
      [
       13.426937,
       53.294502
      ],
      [
       13.425995,
       53.294954
      ],
      [
       13.425124,
       53.295365
      ],
      [
       13.424219,
       53.29578
      ],
      [
       13.423112,
       53.295975
      ],
      [
       13.421996,
       53.295757
      ],
      [
       13.421163,
       53.295276
      ],
      [
       13.420528,
       53.294855
      ],
      [
       13.419781,
       53.294577
      ],
      [
       13.41891,
       53.294256
      ],
      [
       13.418206,
       53.293757
      ],
      [
       13.417797,
       53.29312
      ],
      [
       13.417575,
       53.29239
      ],
      [
       13.417612,
       53.291576
      ],
      [
       13.418235,
       53.290845
      ],
      [
       13.419505,
       53.290499
      ],
      [
       13.420951,
       53.290629
      ],
      [
       13.422088,
       53.290935
      ],
      [
       13.422948,
       53.291073
      ],
      [
       13.423841,
       53.291057
      ],
      [
       13.424812,
       53.291145
      ],
      [
       13.425673,
       53.291456
      ],
      [
       13.426406,
       53.291905
      ],
      [
       13.427123,
       53.292443
      ],
      [
       13.427662,
       53.29312
      ]
     ]
    ]
   },
   "properties": {
    "name": "Demo 14 – Kiesgrubensee",
    "osm_type": "way",
    "osm_id": 900000013,
    "lake_uid": "w900000013",
    "latitude": 53.29312,
    "longitude": 13.422532,
    "area_ha": 28.3,
    "shore_tree_cover": 35.0,
    "tree_cover_100m": 35.0,
    "tree_cover_500m": 28.0,
    "tree_cover_1000m": 24.0,
    "natural_land_percent": 28.0,
    "built_up_percent": 1.6,
    "cropland_percent": 34.0,
    "building_count_100m": 1,
    "building_count_250m": 5,
    "building_count_500m": 9,
    "building_count_1000m": 30,
    "distance_nearest_building_m": 190.0,
    "distance_major_road_m": 240.0,
    "distance_residential_m": 700.0,
    "distance_campsite_m": 3000.0,
    "distance_marina_m": 3000.0,
    "has_campsite": false,
    "has_marina": false,
    "has_accommodation": false,
    "has_residential": true,
    "has_parking": true,
    "has_railway": false,
    "drive_time_min": 70.0,
    "drive_distance_km": 87.5,
    "drive_time_source": "demo",
    "air_distance_km": 67.3,
    "landcover_ref_distance_m": 1000,
    "landcover_ok": true,
    "shore_segment_p10_score": 29.0,
    "shore_segment_median_score": 35.0,
    "shore_segment_min_score": 2.0,
    "developed_shore_percent": 18.0,
    "natural_shore_percent": 73.0,
    "longest_developed_section_m": 225.0,
    "shore_segment_count": 40,
    "nodata_percent_1000m": 0.0,
    "valid_pixels_1000m": 40000,
    "building_data_ok": true,
    "osm_features_ok": true,
    "travel_ok": true,
    "shore_segments_ok": true,
    "quality_flags": [
     "landcover_stand_2021",
     "DEMO-DATEN"
    ],
    "wilderness_score": 0.0,
    "visual_seclusion_score": 0.0,
    "access_score": 57.9,
    "data_confidence_score": 95.0,
    "overall_spot_score": 11.6,
    "overall_coverage": 58.8,
    "score_base": 10.5,
    "score_penalties": 74.5,
    "score_breakdown": [
     {
      "kind": "component",
      "name": "shore_tree_cover",
      "metric": "shore_tree_cover",
      "value": 35.0,
      "unit": "%",
      "weight": 3.0,
      "sub_score": 0.0,
      "points": 0.0,
      "label": "Wald direkt am Ufer (0-100 m)"
     },
     {
      "kind": "component",
      "name": "tree_cover_500m",
      "metric": "tree_cover_500m",
      "value": 28.0,
      "unit": "%",
      "weight": 2.0,
      "sub_score": 0.0,
      "points": 0.0,
      "label": "Wald im 500-m-Ring"
     },
     {
      "kind": "component",
      "name": "tree_cover_1000m",
      "metric": "tree_cover_1000m",
      "value": 24.0,
      "unit": "%",
      "weight": 1.0,
      "sub_score": 0.0,
      "points": 0.0,
      "label": "Wald im 1000-m-Ring"
     },
     {
      "kind": "component",
      "name": "natural_land",
      "metric": "natural_land_percent",
      "value": 28.0,
      "unit": "%",
      "weight": 1.0,
      "sub_score": 0.0,
      "points": 0.0,
      "label": "Naturnahe Fläche gesamt (1000 m)"
     },
     {
      "kind": "component",
      "name": "distance_building",
      "metric": "distance_nearest_building_m",
      "value": 190.0,
      "unit": "m",
      "weight": 2.5,
      "sub_score": 0.064,
      "points": 1.1,
      "label": "Abstand zum nächsten Gebäude"
     },
     {
      "kind": "component",
      "name": "distance_major_road",
      "metric": "distance_major_road_m",
      "value": 240.0,
      "unit": "m",
      "weight": 1.5,
      "sub_score": 0.022,
      "points": 0.23,
      "label": "Abstand zur nächsten Hauptstraße"
     },
     {
      "kind": "component",
      "name": "distance_residential",
      "metric": "distance_residential_m",
      "value": 700.0,
      "unit": "m",
      "weight": 1.0,
      "sub_score": 0.148,
      "points": 1.02,
      "label": "Abstand zum nächsten Wohngebiet"
     },
     {
      "kind": "component",
      "name": "low_cropland",
      "metric": "cropland_percent",
      "value": 34.0,
      "unit": "%",
      "weight": 1.0,
      "sub_score": 0.158,
      "points": 1.09,
      "label": "Wenig Ackerland (1000 m)"
     },
     {
      "kind": "component",
      "name": "low_built_up",
      "metric": "built_up_percent",
      "value": 1.6,
      "unit": "%",
      "weight": 1.5,
      "sub_score": 0.68,
      "points": 7.03,
      "label": "Wenig Siedlungsfläche (1000 m)"
     },
     {
      "kind": "penalty",
      "name": "buildings_500m",
      "metric": "building_count_500m",
      "value": 9.0,
      "points": -25.0,
      "label": "Gebäude im 500-m-Ring"
     },
     {
      "kind": "penalty",
      "name": "buildings_100m",
      "metric": "building_count_100m",
      "value": 1.0,
      "points": -6.0,
      "label": "Gebäude direkt am Ufer (100 m)"
     },
     {
      "kind": "penalty",
      "name": "residential",
      "metric": "has_residential",
      "value": true,
      "points": -20.0,
      "label": "Wohngebiet in Reichweite"
     },
     {
      "kind": "penalty",
      "name": "parking",
      "metric": "has_parking",
      "value": true,
      "points": -6.0,
      "label": "Parkplatz in Reichweite"
     },
     {
      "kind": "penalty",
      "name": "cropland_excess",
      "metric": "cropland_percent",
      "value": 34.0,
      "points": -12.0,
      "label": "Ackerland über 10 %"
     },
     {
      "kind": "penalty",
      "name": "built_up_excess",
      "metric": "built_up_percent",
      "value": 1.6,
      "points": -5.5,
      "label": "Siedlungsfläche über 0.5 %"
     }
    ],
    "passes_filters": false,
    "filter_status": "FAIL",
    "filter_reasons": [
     "Abstand nächstes Gebäude 190 < 300",
     "Gebäude im 100-m-Ring 1 > 0",
     "Gebäude im 250-m-Ring 5 > 0",
     "Gebäude im 500-m-Ring 9 > 2",
     "Wohngebiet in Reichweite: vorhanden",
     "Wald im 500-m-Ring 28 < 60",
     "Wald am Ufer 35 < 70",
     "Siedlungsanteil 1.6 > 1",
     "Ackeranteil 34 > 15",
     "Abstand Hauptstraße 240 < 300",
     "Bebauter Uferanteil 18 > 10",
     "Schlechtestes Uferzehntel (P10) 29 < 45"
    ],
    "confidence": "hoch",
    "buffers": {
     "100": {
      "type": "Polygon",
      "coordinates": [
       [
        [
         13.428809,
         53.29312
        ],
        [
         13.428504,
         53.294
        ],
        [
         13.428085,
         53.294862
        ],
        [
         13.427257,
         53.295622
        ],
        [
         13.425971,
         53.296098
        ],
        [
         13.424541,
         53.296286
        ],
        [
         13.42319,
         53.296362
        ],
        [
         13.421867,
         53.296392
        ],
        [
         13.420551,
         53.296242
        ],
        [
         13.419392,
         53.295838
        ],
        [
         13.418397,
         53.29531
        ],
        [
         13.417318,
         53.294756
        ],
        [
         13.416131,
         53.294063
        ],
        [
         13.41535,
         53.29312
        ],
        [
         13.415534,
         53.292089
        ],
        [
         13.416618,
         53.291265
        ],
        [
         13.418026,
         53.290734
        ],
        [
         13.419358,
         53.290372
        ],
        [
         13.420626,
         53.290117
        ],
        [
         13.421905,
         53.290036
        ],
        [
         13.423144,
         53.290105
        ],
        [
         13.424401,
         53.290174
        ],
        [
         13.425861,
         53.290237
        ],
        [
         13.427424,
         53.290529
        ],
        [
         13.428587,
         53.29122
        ],
        [
         13.428978,
         53.29217
        ],
        [
         13.428809,
         53.29312
        ]
       ],
       [
        [
         13.426756,
         53.29312
        ],
        [
         13.426891,
         53.292478
        ],
        [
         13.426648,
         53.291828
        ],
        [
         13.425991,
         53.291288
        ],
        [
         13.425141,
         53.29086
        ],
        [
         13.424225,
         53.290451
        ],
        [
         13.423145,
         53.290102
        ],
        [
         13.421905,
         53.290035
        ],
        [
         13.420793,
         53.29038
        ],
        [
         13.420057,
         53.290977
        ],
        [
         13.419594,
         53.291564
        ],
        [
         13.419163,
         53.292063
        ],
        [
         13.418755,
         53.292563
        ],
        [
         13.41852,
         53.29312
        ],
        [
         13.41847,
         53.293718
        ],
        [
         13.418512,
         53.294381
        ],
        [
         13.418755,
         53.29512
        ],
        [
         13.419464,
         53.295777
        ],
        [
         13.420644,
         53.296095
        ],
        [
         13.421945,
         53.296009
        ],
        [
         13.423062,
         53.295729
        ],
        [
         13.424022,
         53.295469
        ],
        [
         13.42494,
         53.295205
        ],
        [
         13.425717,
         53.294807
        ],
        [
         13.426209,
         53.294274
        ],
        [
         13.4265,
         53.293705
        ],
        [
         13.426756,
         53.29312
        ]
       ]
      ]
     },
     "500": {
      "type": "Polygon",
      "coordinates": [
       [
        [
         13.433223,
         53.29312
        ],
        [
         13.432747,
         53.294625
        ],
        [
         13.431796,
         53.296026
        ],
        [
         13.430739,
         53.297466
        ],
        [
         13.429393,
         53.299061
        ],
        [
         13.427186,
         53.300455
        ],
        [
         13.424142,
         53.301045
        ],
        [
         13.420987,
         53.300725
        ],
        [
         13.41817,
         53.299994
        ],
        [
         13.41548,
         53.299227
        ],
        [
         13.412896,
         53.298222
        ],
        [
         13.411114,
         53.296702
        ],
        [
         13.410714,
         53.294861
        ],
        [
         13.411309,
         53.29312
        ],
        [
         13.41211,
         53.291585
        ],
        [
         13.412993,
         53.290127
        ],
        [
         13.414377,
         53.288802
        ],
        [
         13.416336,
         53.287755
        ],
        [
         13.41855,
         53.286844
        ],
        [
         13.42105,
         53.285824
        ],
        [
         13.424191,
         53.284952
        ],
        [
         13.42772,
         53.284943
        ],
        [
         13.430602,
         53.286132
        ],
        [
         13.432147,
         53.288028
        ],
        [
         13.43275,
         53.289914
        ],
        [
         13.433106,
         53.291562
        ],
        [
         13.433223,
         53.29312
        ]
       ],
       [
        [
         13.427089,
         53.29312
        ],
        [
         13.427113,
         53.292445
        ],
        [
         13.42676,
         53.291793
        ],
        [
         13.426195,
         53.29118
        ],
        [
         13.425382,
         53.290652
        ],
        [
         13.424288,
         53.290351
        ],
        [
         13.423095,
         53.290349
        ],
        [
         13.422003,
         53.290516
        ],
        [
         13.420993,
         53.290695
        ],
        [
         13.419999,
         53.290926
        ],
        [
         13.419187,
         53.291349
        ],
        [
         13.418793,
         53.291947
        ],
        [
         13.418728,
         53.29256
        ],
        [
         13.418647,
         53.29312
        ],
        [
         13.418439,
         53.293723
        ],
        [
         13.418397,
         53.294417
        ],
        [
         13.418816,
         53.295087
        ],
        [
         13.419657,
         53.295609
        ],
        [
         13.420723,
         53.295971
        ],
        [
         13.421914,
         53.296161
        ],
        [
         13.423131,
         53.296067
        ],
        [
         13.424128,
         53.295636
        ],
        [
         13.42475,
         53.295041
        ],
        [
         13.425204,
         53.294535
        ],
        [
         13.42582,
         53.294152
        ],
        [
         13.426575,
         53.293716
        ],
        [
         13.427089,
         53.29312
        ]
       ]
      ]
     },
     "1000": {
      "type": "Polygon",
      "coordinates": [
       [
        [
         13.440229,
         53.29312
        ],
        [
         13.439449,
         53.295612
        ],
        [
         13.438785,
         53.298219
        ],
        [
         13.437283,
         53.300931
        ],
        [
         13.434203,
         53.303226
        ],
        [
         13.429947,
         53.304807
        ],
        [
         13.425122,
         53.305872
        ],
        [
         13.41984,
         53.306373
        ],
        [
         13.41458,
         53.305653
        ],
        [
         13.410692,
         53.303373
        ],
        [
         13.408978,
         53.300297
        ],
        [
         13.408398,
         53.297554
        ],
        [
         13.407289,
         53.295366
        ],
        [
         13.405536,
         53.29312
        ],
        [
         13.404524,
         53.290467
        ],
        [
         13.405175,
         53.287675
        ],
        [
         13.407191,
         53.284996
        ],
        [
         13.410237,
         53.282473
        ],
        [
         13.414535,
         53.280517
        ],
        [
         13.419851,
         53.279925
        ],
        [
         13.425014,
         53.280899
        ],
        [
         13.429207,
         53.2826
        ],
        [
         13.432886,
         53.284153
        ],
        [
         13.436591,
         53.285675
        ],
        [
         13.439578,
         53.287772
        ],
        [
         13.440708,
         53.290442
        ],
        [
         13.440229,
         53.29312
        ]
       ],
       [
        [
         13.42684,
         53.29312
        ],
        [
         13.426981,
         53.292464
        ],
        [
         13.426846,
         53.291767
        ],
        [
         13.426249,
         53.291152
        ],
        [
         13.425315,
         53.29071
        ],
        [
         13.424254,
         53.290406
        ],
        [
         13.423119,
         53.29023
        ],
        [
         13.42196,
         53.290304
        ],
        [
         13.420995,
         53.290697
        ],
        [
         13.420371,
         53.291248
        ],
        [
         13.419881,
         53.291716
        ],
        [
         13.419201,
         53.292075
        ],
        [
         13.418371,
         53.292507
        ],
        [
         13.417783,
         53.29312
        ],
        [
         13.417703,
         53.293831
        ],
        [
         13.418053,
         53.294525
        ],
        [
         13.418692,
         53.295153
        ],
        [
         13.419626,
         53.295636
        ],
        [
         13.420812,
         53.29583
        ],
        [
         13.422005,
         53.295712
        ],
        [
         13.423011,
         53.295478
        ],
        [
         13.423928,
         53.29532
        ],
        [
         13.424911,
         53.29518
        ],
        [
         13.42583,
         53.294867
        ],
        [
         13.426418,
         53.294339
        ],
        [
         13.426673,
         53.29373
        ],
        [
         13.42684,
         53.29312
        ]
       ]
      ]
     }
    }
   }
  }
 ]
}